condition,weighting,role,time_h,observable,observed_g_l,predicted_g_l,residual_g_l
gelain_2020_glycerol_5gl,training_max,retrospective_condition_holdout,8.0,biomass,1.50479,1.0752527692442524,-0.4295372307557477
gelain_2020_glycerol_5gl,training_max,retrospective_condition_holdout,8.0,substrate,5.3805,3.66593081247239,-1.7145691875276095
gelain_2020_glycerol_5gl,training_max,retrospective_condition_holdout,12.0,biomass,2.26624,1.5136115998222028,-0.752628400177797
gelain_2020_glycerol_5gl,training_max,retrospective_condition_holdout,12.0,substrate,4.484,2.6098461946498315,-1.8741538053501685
gelain_2020_glycerol_5gl,training_max,retrospective_condition_holdout,24.0,biomass,4.15024,2.023835914950615,-2.1264040850493853
gelain_2020_glycerol_5gl,training_max,retrospective_condition_holdout,24.0,substrate,0.0,0.05477862927254764,0.05477862927254764
gelain_2020_glycerol_5gl,training_max,retrospective_condition_holdout,32.0,biomass,2.23641,1.4152905170007748,-0.821119482999225
gelain_2020_glycerol_5gl,training_max,retrospective_condition_holdout,32.0,substrate,0.0,0.001650224721880748,0.001650224721880748
gelain_2020_glycerol_5gl,training_max,retrospective_condition_holdout,48.0,biomass,1.56177,0.6677512584832016,-0.8940187415167985
gelain_2020_glycerol_5gl,training_max,retrospective_condition_holdout,48.0,substrate,0.0,2.6384966241295373e-05,2.6384966241295373e-05
gelain_2020_glycerol_5gl,training_max,retrospective_condition_holdout,54.0,biomass,1.31129,0.5036702786527579,-0.8076197213472421
gelain_2020_glycerol_5gl,training_max,retrospective_condition_holdout,54.0,substrate,0.0,1.06534548710174e-05,1.06534548710174e-05
gelain_2020_glycerol_5gl,training_max,retrospective_condition_holdout,72.0,biomass,1.07746,0.21613505010622147,-0.8613249498937786
gelain_2020_glycerol_5gl,training_max,retrospective_condition_holdout,72.0,substrate,0.0,2.17421960053973e-06,2.17421960053973e-06
gelain_2020_glycerol_5gl,training_max,retrospective_condition_holdout,96.0,biomass,0.94881,0.06995591294511905,-0.878854087054881
gelain_2020_glycerol_5gl,training_max,retrospective_condition_holdout,96.0,substrate,0.0,9.692327035600397e-07,9.692327035600397e-07
gelain_2020_glycerol_5gl,equal_g_l,retrospective_condition_holdout,8.0,biomass,1.50479,1.0978391888246497,-0.40695081117535037
gelain_2020_glycerol_5gl,equal_g_l,retrospective_condition_holdout,8.0,substrate,5.3805,3.7727181648759447,-1.607781835124055
gelain_2020_glycerol_5gl,equal_g_l,retrospective_condition_holdout,12.0,biomass,2.26624,1.5710406377821102,-0.6951993622178896
gelain_2020_glycerol_5gl,equal_g_l,retrospective_condition_holdout,12.0,substrate,4.484,2.7667869290606784,-1.7172130709393216
gelain_2020_glycerol_5gl,equal_g_l,retrospective_condition_holdout,24.0,biomass,4.15024,2.17336074807328,-1.9768792519267202
gelain_2020_glycerol_5gl,equal_g_l,retrospective_condition_holdout,24.0,substrate,0.0,0.04944877227123916,0.04944877227123916
gelain_2020_glycerol_5gl,equal_g_l,retrospective_condition_holdout,32.0,biomass,2.23641,1.3930307456685393,-0.8433792543314604
gelain_2020_glycerol_5gl,equal_g_l,retrospective_condition_holdout,32.0,substrate,0.0,0.0011050513120064204,0.0011050513120064204
gelain_2020_glycerol_5gl,equal_g_l,retrospective_condition_holdout,48.0,biomass,1.56177,0.5513858008877895,-1.0103841991122104
gelain_2020_glycerol_5gl,equal_g_l,retrospective_condition_holdout,48.0,substrate,0.0,2.0840759544728606e-05,2.0840759544728606e-05
gelain_2020_glycerol_5gl,equal_g_l,retrospective_condition_holdout,54.0,biomass,1.31129,0.3894093043171106,-0.9218806956828894
gelain_2020_glycerol_5gl,equal_g_l,retrospective_condition_holdout,54.0,substrate,0.0,9.710757798846096e-06,9.710757798846096e-06
gelain_2020_glycerol_5gl,equal_g_l,retrospective_condition_holdout,72.0,biomass,1.07746,0.1371650438040508,-0.9402949561959493
gelain_2020_glycerol_5gl,equal_g_l,retrospective_condition_holdout,72.0,substrate,0.0,2.956483643493192e-06,2.956483643493192e-06
gelain_2020_glycerol_5gl,equal_g_l,retrospective_condition_holdout,96.0,biomass,0.94881,0.034120849131061365,-0.9146891508689386
gelain_2020_glycerol_5gl,equal_g_l,retrospective_condition_holdout,96.0,substrate,0.0,1.8188332241939658e-06,1.8188332241939658e-06
gelain_2020_glycerol_10gl,training_max,retrospective_condition_holdout,8.0,biomass,1.76857,1.2082500737191462,-0.5603199262808538
gelain_2020_glycerol_10gl,training_max,retrospective_condition_holdout,8.0,substrate,10.546,8.344212242289672,-2.2017877577103278
gelain_2020_glycerol_10gl,training_max,retrospective_condition_holdout,12.0,biomass,2.63525,1.8444392372039742,-0.7908107627960259
gelain_2020_glycerol_10gl,training_max,retrospective_condition_holdout,12.0,substrate,9.9405,6.839473934780874,-3.101026065219126
gelain_2020_glycerol_10gl,training_max,retrospective_condition_holdout,24.0,biomass,6.07954,4.111982511653685,-1.9675574883463147
gelain_2020_glycerol_10gl,training_max,retrospective_condition_holdout,24.0,substrate,0.0,0.2779687201093282,0.2779687201093282
gelain_2020_glycerol_10gl,training_max,retrospective_condition_holdout,32.0,biomass,3.11577,3.0481132309875596,-0.06765676901244033
gelain_2020_glycerol_10gl,training_max,retrospective_condition_holdout,32.0,substrate,0.0,0.0011572217811028564,0.0011572217811028564
gelain_2020_glycerol_10gl,training_max,retrospective_condition_holdout,48.0,biomass,1.8761,1.541749742616273,-0.33435025738372715
gelain_2020_glycerol_10gl,training_max,retrospective_condition_holdout,48.0,substrate,0.0,1.1116252261323742e-06,1.1116252261323742e-06
gelain_2020_glycerol_10gl,training_max,retrospective_condition_holdout,54.0,biomass,1.45167,1.1938998257361542,-0.25777017426384585
gelain_2020_glycerol_10gl,training_max,retrospective_condition_holdout,54.0,substrate,0.0,2.235703042628941e-07,2.235703042628941e-07
gelain_2020_glycerol_10gl,training_max,retrospective_condition_holdout,72.0,biomass,1.2717,0.5544079846985638,-0.7172920153014363
gelain_2020_glycerol_10gl,training_max,retrospective_condition_holdout,72.0,substrate,0.0,1.1723653309837616e-08,1.1723653309837616e-08
gelain_2020_glycerol_10gl,training_max,retrospective_condition_holdout,96.0,biomass,0.96368,0.1993631297383073,-0.7643168702616927
gelain_2020_glycerol_10gl,training_max,retrospective_condition_holdout,96.0,substrate,0.0,2.28051350863058e-09,2.28051350863058e-09
gelain_2020_glycerol_10gl,equal_g_l,retrospective_condition_holdout,8.0,biomass,1.76857,1.204606775525199,-0.563963224474801
gelain_2020_glycerol_10gl,equal_g_l,retrospective_condition_holdout,8.0,substrate,10.546,8.559156587603717,-1.9868434123962828
gelain_2020_glycerol_10gl,equal_g_l,retrospective_condition_holdout,12.0,biomass,2.63525,1.841018159668714,-0.794231840331286
gelain_2020_glycerol_10gl,equal_g_l,retrospective_condition_holdout,12.0,substrate,9.9405,7.242501851481743,-2.6979981485182574
gelain_2020_glycerol_10gl,equal_g_l,retrospective_condition_holdout,24.0,biomass,6.07954,4.556825340531589,-1.5227146594684111
gelain_2020_glycerol_10gl,equal_g_l,retrospective_condition_holdout,24.0,substrate,0.0,0.6030537497565517,0.6030537497565517
gelain_2020_glycerol_10gl,equal_g_l,retrospective_condition_holdout,32.0,biomass,3.11577,3.2699953785966875,0.1542253785966876
gelain_2020_glycerol_10gl,equal_g_l,retrospective_condition_holdout,32.0,substrate,0.0,0.002925736260173803,0.002925736260173803
gelain_2020_glycerol_10gl,equal_g_l,retrospective_condition_holdout,48.0,biomass,1.8761,1.3817697984176345,-0.4943302015823656
gelain_2020_glycerol_10gl,equal_g_l,retrospective_condition_holdout,48.0,substrate,0.0,5.403052281427947e-06,5.403052281427947e-06
gelain_2020_glycerol_10gl,equal_g_l,retrospective_condition_holdout,54.0,biomass,1.45167,1.0000619244215154,-0.4516080755784846
gelain_2020_glycerol_10gl,equal_g_l,retrospective_condition_holdout,54.0,substrate,0.0,1.5152130437451744e-06,1.5152130437451744e-06
gelain_2020_glycerol_10gl,equal_g_l,retrospective_condition_holdout,72.0,biomass,1.2717,0.37913861090382467,-0.8925613890961754
gelain_2020_glycerol_10gl,equal_g_l,retrospective_condition_holdout,72.0,substrate,0.0,1.9153701736868661e-07,1.9153701736868661e-07
gelain_2020_glycerol_10gl,equal_g_l,retrospective_condition_holdout,96.0,biomass,0.96368,0.10403007767105435,-0.8596499223289457
gelain_2020_glycerol_10gl,equal_g_l,retrospective_condition_holdout,96.0,substrate,0.0,7.661246845857418e-08,7.661246845857418e-08
gelain_2020_glycerol_20gl,training_max,retrospective_condition_holdout,8.0,biomass,1.95445,1.4761644511146874,-0.4782855488853126
gelain_2020_glycerol_20gl,training_max,retrospective_condition_holdout,8.0,substrate,21.1525,18.536693657139555,-2.615806342860445
gelain_2020_glycerol_20gl,training_max,retrospective_condition_holdout,12.0,biomass,2.67041,2.527405851050591,-0.14300414894940916
gelain_2020_glycerol_20gl,training_max,retrospective_condition_holdout,12.0,substrate,20.1995,16.958386665838333,-3.2411133341616676
gelain_2020_glycerol_20gl,training_max,retrospective_condition_holdout,24.0,biomass,8.11221,11.49144660625827,3.379236606258271
gelain_2020_glycerol_20gl,training_max,retrospective_condition_holdout,24.0,substrate,3.834,3.1869402650670895,-0.6470597349329106
gelain_2020_glycerol_20gl,training_max,retrospective_condition_holdout,32.0,biomass,5.39385,10.200169567398808,4.806319567398808
gelain_2020_glycerol_20gl,training_max,retrospective_condition_holdout,32.0,substrate,0.229,1.1478039237458995e-06,-0.22899885219607627
gelain_2020_glycerol_20gl,training_max,retrospective_condition_holdout,48.0,biomass,2.86518,5.095619925750635,2.2304399257506353
gelain_2020_glycerol_20gl,training_max,retrospective_condition_holdout,48.0,substrate,0.0,-1.2663312336637056e-12,-1.2663312336637056e-12
gelain_2020_glycerol_20gl,training_max,retrospective_condition_holdout,54.0,biomass,2.39327,3.9279696356173837,1.5346996356173839
gelain_2020_glycerol_20gl,training_max,retrospective_condition_holdout,54.0,substrate,0.0,2.117022911307693e-13,2.117022911307693e-13
gelain_2020_glycerol_20gl,training_max,retrospective_condition_holdout,72.0,biomass,1.66435,1.7992081167390492,0.13485811673904924
gelain_2020_glycerol_20gl,training_max,retrospective_condition_holdout,72.0,substrate,0.0,-1.1921612699735808e-13,-1.1921612699735808e-13
gelain_2020_glycerol_20gl,training_max,retrospective_condition_holdout,96.0,biomass,0.74282,0.6352808767641109,-0.1075391232358891
gelain_2020_glycerol_20gl,training_max,retrospective_condition_holdout,96.0,substrate,0.0,-8.768108705596182e-14,-8.768108705596182e-14
gelain_2020_glycerol_20gl,equal_g_l,retrospective_condition_holdout,8.0,biomass,1.95445,1.3193602712111743,-0.6350897287888257
gelain_2020_glycerol_20gl,equal_g_l,retrospective_condition_holdout,8.0,substrate,21.1525,18.797120972744835,-2.3553790272551645
gelain_2020_glycerol_20gl,equal_g_l,retrospective_condition_holdout,12.0,biomass,2.67041,2.1396693183553825,-0.5307406816446174
gelain_2020_glycerol_20gl,equal_g_l,retrospective_condition_holdout,12.0,substrate,20.1995,17.591710965425136,-2.607789034574864
gelain_2020_glycerol_20gl,equal_g_l,retrospective_condition_holdout,24.0,biomass,8.11221,8.859057036785751,0.746847036785752
gelain_2020_glycerol_20gl,equal_g_l,retrospective_condition_holdout,24.0,substrate,3.834,7.638438774828355,3.804438774828355
gelain_2020_glycerol_20gl,equal_g_l,retrospective_condition_holdout,32.0,biomass,5.39385,11.542431067893578,6.148581067893578
gelain_2020_glycerol_20gl,equal_g_l,retrospective_condition_holdout,32.0,substrate,0.229,7.958733323102594e-06,-0.2289920412666769
gelain_2020_glycerol_20gl,equal_g_l,retrospective_condition_holdout,48.0,biomass,2.86518,5.286861145393177,2.4216811453931766
gelain_2020_glycerol_20gl,equal_g_l,retrospective_condition_holdout,48.0,substrate,0.0,-2.4679850952180465e-12,-2.4679850952180465e-12
gelain_2020_glycerol_20gl,equal_g_l,retrospective_condition_holdout,54.0,biomass,2.39327,3.944895763142603,1.5516257631426034
gelain_2020_glycerol_20gl,equal_g_l,retrospective_condition_holdout,54.0,substrate,0.0,-2.4679850952180465e-12,-2.4679850952180465e-12
gelain_2020_glycerol_20gl,equal_g_l,retrospective_condition_holdout,72.0,biomass,1.66435,1.6388846842724416,-0.02546531572755839
gelain_2020_glycerol_20gl,equal_g_l,retrospective_condition_holdout,72.0,substrate,0.0,-2.4679850952180465e-12,-2.4679850952180465e-12
gelain_2020_glycerol_20gl,equal_g_l,retrospective_condition_holdout,96.0,biomass,0.74282,0.5080411466264643,-0.23477885337353577
gelain_2020_glycerol_20gl,equal_g_l,retrospective_condition_holdout,96.0,substrate,0.0,-2.4679850952180465e-12,-2.4679850952180465e-12
gelain_2020_cellulose_10gl,training_max,retrospective_condition_holdout,8.0,biomass,2.861740254941905,0.9623034814288816,-1.8994367735130235
gelain_2020_cellulose_10gl,training_max,retrospective_condition_holdout,8.0,substrate,9.876727248621048,8.592524551008404,-1.2842026976126437
gelain_2020_cellulose_10gl,training_max,retrospective_condition_holdout,12.0,biomass,3.665041890787295,1.4631619124052941,-2.201879978382001
gelain_2020_cellulose_10gl,training_max,retrospective_condition_holdout,12.0,substrate,9.219127032038841,7.327830180704137,-1.8912968513347046
gelain_2020_cellulose_10gl,training_max,retrospective_condition_holdout,24.0,biomass,5.913493103187719,3.645158613065452,-2.2683344901222666
gelain_2020_cellulose_10gl,training_max,retrospective_condition_holdout,24.0,substrate,2.7353502101590594,1.2312424024956796,-1.5041078076633798
gelain_2020_cellulose_10gl,training_max,retrospective_condition_holdout,32.0,biomass,4.739738476299145,3.3813847993594166,-1.3583536769397284
gelain_2020_cellulose_10gl,training_max,retrospective_condition_holdout,32.0,substrate,1.2601496784731454,0.042751241223018016,-1.2173984372501274
gelain_2020_cellulose_10gl,training_max,retrospective_condition_holdout,48.0,biomass,4.243537934501599,2.111638108614273,-2.131899825887326
gelain_2020_cellulose_10gl,training_max,retrospective_condition_holdout,48.0,substrate,0.5342209822564191,0.00015341923601316882,-0.5340675630204059
gelain_2020_cellulose_10gl,training_max,retrospective_condition_holdout,54.0,biomass,3.5692922874279707,1.7653612526079199,-1.8039310348200508
gelain_2020_cellulose_10gl,training_max,retrospective_condition_holdout,54.0,substrate,0.26861955108609203,3.3755969340683375e-05,-0.26858579511675135
gelain_2020_cellulose_10gl,training_max,retrospective_condition_holdout,72.0,biomass,2.6271713586585586,1.0314314011682542,-1.5957399574903044
gelain_2020_cellulose_10gl,training_max,retrospective_condition_holdout,72.0,substrate,0.19742474929847192,1.364257848970208e-06,-0.19742338504062296
gelain_2020_cellulose_10gl,training_max,retrospective_condition_holdout,96.0,biomass,2.1249852272536094,0.5037830044778181,-1.6212022227757914
gelain_2020_cellulose_10gl,training_max,retrospective_condition_holdout,96.0,substrate,0.27489601807091035,1.35864612107413e-07,-0.27489588220629824
gelain_2020_cellulose_10gl,equal_g_l,retrospective_condition_holdout,8.0,biomass,2.861740254941905,0.6906782128227318,-2.171062042119173
gelain_2020_cellulose_10gl,equal_g_l,retrospective_condition_holdout,8.0,substrate,9.876727248621048,9.253695829654898,-0.6230314189661499
gelain_2020_cellulose_10gl,equal_g_l,retrospective_condition_holdout,12.0,biomass,3.665041890787295,0.8944452533767947,-2.7705966374105
gelain_2020_cellulose_10gl,equal_g_l,retrospective_condition_holdout,12.0,substrate,9.219127032038841,8.720478229655605,-0.4986488023832365
gelain_2020_cellulose_10gl,equal_g_l,retrospective_condition_holdout,24.0,biomass,5.913493103187719,1.7378101196716285,-4.17568298351609
gelain_2020_cellulose_10gl,equal_g_l,retrospective_condition_holdout,24.0,substrate,2.7353502101590594,6.350934755141942,3.615584544982883
gelain_2020_cellulose_10gl,equal_g_l,retrospective_condition_holdout,32.0,biomass,4.739738476299145,2.326222658318816,-2.413515817980329
gelain_2020_cellulose_10gl,equal_g_l,retrospective_condition_holdout,32.0,substrate,1.2601496784731454,4.32858748492405,3.0684378064509046
gelain_2020_cellulose_10gl,equal_g_l,retrospective_condition_holdout,48.0,biomass,4.243537934501599,2.492094845350822,-1.7514430891507766
gelain_2020_cellulose_10gl,equal_g_l,retrospective_condition_holdout,48.0,substrate,0.5342209822564191,1.347097187537667,0.8128762052812478
gelain_2020_cellulose_10gl,equal_g_l,retrospective_condition_holdout,54.0,biomass,3.5692922874279707,2.210088368045174,-1.3592039193827965
gelain_2020_cellulose_10gl,equal_g_l,retrospective_condition_holdout,54.0,substrate,0.26861955108609203,0.8501403942475718,0.5815208431614798
gelain_2020_cellulose_10gl,equal_g_l,retrospective_condition_holdout,72.0,biomass,2.6271713586585586,1.259064317219785,-1.3681070414387735
gelain_2020_cellulose_10gl,equal_g_l,retrospective_condition_holdout,72.0,substrate,0.19742474929847192,0.2944652332057869,0.09704048390731496
gelain_2020_cellulose_10gl,equal_g_l,retrospective_condition_holdout,96.0,biomass,2.1249852272536094,0.5105055101212403,-1.614479717132369
gelain_2020_cellulose_10gl,equal_g_l,retrospective_condition_holdout,96.0,substrate,0.27489601807091035,0.1450573070354748,-0.12983871103543557
gelain_2020_cellulose_20gl,training_max,retrospective_condition_holdout,8.0,biomass,4.0002250233517245,1.1081295242060567,-2.8920954991456678
gelain_2020_cellulose_20gl,training_max,retrospective_condition_holdout,8.0,substrate,19.973133273578657,18.21678458293781,-1.7563486906408485
gelain_2020_cellulose_20gl,training_max,retrospective_condition_holdout,12.0,biomass,4.814712467452349,1.8369041084885562,-2.9778083589637925
gelain_2020_cellulose_20gl,training_max,retrospective_condition_holdout,12.0,substrate,18.947457408916286,16.380866083573885,-2.566591325342401
gelain_2020_cellulose_20gl,training_max,retrospective_condition_holdout,24.0,biomass,8.219913529590286,7.252758091838803,-0.967155437751483
gelain_2020_cellulose_20gl,training_max,retrospective_condition_holdout,24.0,substrate,8.023400382459453,2.390662936302345,-5.632737446157108
gelain_2020_cellulose_20gl,training_max,retrospective_condition_holdout,32.0,biomass,7.951744677367952,6.847934519833533,-1.1038101575344186
gelain_2020_cellulose_20gl,training_max,retrospective_condition_holdout,32.0,substrate,4.423403826799742,3.58354737871624e-05,-4.4233679913259545
gelain_2020_cellulose_20gl,training_max,retrospective_condition_holdout,48.0,biomass,4.131839147393322,4.519032903607422,0.3871937562141001
gelain_2020_cellulose_20gl,training_max,retrospective_condition_holdout,48.0,substrate,1.4393416615428438,-3.381328991517223e-12,-1.4393416615462251
gelain_2020_cellulose_20gl,training_max,retrospective_condition_holdout,54.0,biomass,3.902723708971134,3.866805255771368,-0.035918453199766276
gelain_2020_cellulose_20gl,training_max,retrospective_condition_holdout,54.0,substrate,0.9118836300307355,-1.8021439503478073e-13,-0.9118836300309157
gelain_2020_cellulose_20gl,training_max,retrospective_condition_holdout,72.0,biomass,3.024125516304073,2.422549746231769,-0.6015757700723041
gelain_2020_cellulose_20gl,training_max,retrospective_condition_holdout,72.0,substrate,0.45960424881688994,-2.05057326158807e-12,-0.4596042488189405
gelain_2020_cellulose_20gl,training_max,retrospective_condition_holdout,96.0,biomass,2.2692409022337583,1.2986732409269566,-0.9705676613068017
gelain_2020_cellulose_20gl,training_max,retrospective_condition_holdout,96.0,substrate,0.22848613359859138,-2.0505732615881053e-12,-0.22848613360064196
gelain_2020_cellulose_20gl,equal_g_l,retrospective_condition_holdout,8.0,biomass,4.0002250233517245,0.8975034660944402,-3.102721557257284
gelain_2020_cellulose_20gl,equal_g_l,retrospective_condition_holdout,8.0,substrate,19.973133273578657,18.784050970076805,-1.189082303501852
gelain_2020_cellulose_20gl,equal_g_l,retrospective_condition_holdout,12.0,biomass,4.814712467452349,1.3399006341406272,-3.4748118333117217
gelain_2020_cellulose_20gl,equal_g_l,retrospective_condition_holdout,12.0,substrate,18.947457408916286,17.7018456966457,-1.245611712270584
gelain_2020_cellulose_20gl,equal_g_l,retrospective_condition_holdout,24.0,biomass,8.219913529590286,4.219194770300393,-4.000718759289893
gelain_2020_cellulose_20gl,equal_g_l,retrospective_condition_holdout,24.0,substrate,8.023400382459453,10.552425894028307,2.529025511568854
gelain_2020_cellulose_20gl,equal_g_l,retrospective_condition_holdout,32.0,biomass,7.951744677367952,7.290192618039578,-0.6615520593283737
gelain_2020_cellulose_20gl,equal_g_l,retrospective_condition_holdout,32.0,substrate,4.423403826799742,2.0472587704898806,-2.3761450563098614
gelain_2020_cellulose_20gl,equal_g_l,retrospective_condition_holdout,48.0,biomass,4.131839147393322,4.913921340022999,0.7820821926296775
gelain_2020_cellulose_20gl,equal_g_l,retrospective_condition_holdout,48.0,substrate,1.4393416615428438,0.0001688758854954905,-1.4391727856573484
gelain_2020_cellulose_20gl,equal_g_l,retrospective_condition_holdout,54.0,biomass,3.902723708971134,4.003321147457693,0.10059743848655867
gelain_2020_cellulose_20gl,equal_g_l,retrospective_condition_holdout,54.0,substrate,0.9118836300307355,1.2133823770658731e-05,-0.9118714962069648
gelain_2020_cellulose_20gl,equal_g_l,retrospective_condition_holdout,72.0,biomass,3.024125516304073,2.1645803817568408,-0.8595451345472322
gelain_2020_cellulose_20gl,equal_g_l,retrospective_condition_holdout,72.0,substrate,0.45960424881688994,5.9574077434701335e-08,-0.4596041892428125
gelain_2020_cellulose_20gl,equal_g_l,retrospective_condition_holdout,96.0,biomass,2.2692409022337583,0.9534773679878152,-1.315763534245943
gelain_2020_cellulose_20gl,equal_g_l,retrospective_condition_holdout,96.0,substrate,0.22848613359859138,1.795222309431904e-09,-0.22848613180336907
gelain_2020_cellulose_30gl,training_max,retrospective_condition_holdout,8.0,biomass,3.386259598851707,2.6935443767501765,-0.6927152221015302
gelain_2020_cellulose_30gl,training_max,retrospective_condition_holdout,8.0,substrate,31.188432670702987,25.902108022326246,-5.286324648376741
gelain_2020_cellulose_30gl,training_max,retrospective_condition_holdout,12.0,biomass,4.569515420878874,6.456993450112786,1.887478029233912
gelain_2020_cellulose_30gl,training_max,retrospective_condition_holdout,12.0,substrate,28.988940995685873,19.12169350810717,-9.867247487578702
gelain_2020_cellulose_30gl,training_max,retrospective_condition_holdout,24.0,biomass,9.40625525180876,14.413548812306246,5.0072935604974855
gelain_2020_cellulose_30gl,training_max,retrospective_condition_holdout,24.0,substrate,15.733988095896388,0.06713889299155583,-15.666849202904832
gelain_2020_cellulose_30gl,training_max,retrospective_condition_holdout,32.0,biomass,9.359389267261477,11.87683367937095,2.517444412109473
gelain_2020_cellulose_30gl,training_max,retrospective_condition_holdout,32.0,substrate,7.872108338284392,0.0005999520181491531,-7.871508386266243
gelain_2020_cellulose_30gl,training_max,retrospective_condition_holdout,48.0,biomass,5.485934089879789,8.016844025725177,2.530909935845388
gelain_2020_cellulose_30gl,training_max,retrospective_condition_holdout,48.0,substrate,2.666776280212802,5.09181613732853e-07,-2.666775771031188
gelain_2020_cellulose_30gl,training_max,retrospective_condition_holdout,54.0,biomass,4.391623867448644,6.918097019383923,2.5264731519352797
gelain_2020_cellulose_30gl,training_max,retrospective_condition_holdout,54.0,substrate,1.6469777786999686,6.804162592202374e-08,-1.6469777106583428
gelain_2020_cellulose_30gl,training_max,retrospective_condition_holdout,72.0,biomass,3.694769158253853,4.445659937204097,0.7508907789502435
gelain_2020_cellulose_30gl,training_max,retrospective_condition_holdout,72.0,substrate,0.812655179308664,7.341434727628147e-10,-0.8126551785745205
gelain_2020_cellulose_30gl,training_max,retrospective_condition_holdout,96.0,biomass,3.0835877888364163,2.4652958037278507,-0.6182919851085655
gelain_2020_cellulose_30gl,training_max,retrospective_condition_holdout,96.0,substrate,0.41352825991980907,1.9337022763135486e-11,-0.41352825990047204
gelain_2020_cellulose_30gl,equal_g_l,retrospective_condition_holdout,8.0,biomass,3.386259598851707,1.24526431825505,-2.140995280596657
gelain_2020_cellulose_30gl,equal_g_l,retrospective_condition_holdout,8.0,substrate,31.188432670702987,28.505017226912894,-2.683415443790093
gelain_2020_cellulose_30gl,equal_g_l,retrospective_condition_holdout,12.0,biomass,4.569515420878874,2.186224075860725,-2.383291345018149
gelain_2020_cellulose_30gl,equal_g_l,retrospective_condition_holdout,12.0,substrate,28.988940995685873,26.839371416581216,-2.149569579104657
gelain_2020_cellulose_30gl,equal_g_l,retrospective_condition_holdout,24.0,biomass,9.40625525180876,10.540081112001392,1.1338258601926317
gelain_2020_cellulose_30gl,equal_g_l,retrospective_condition_holdout,24.0,substrate,15.733988095896388,11.772828575382036,-3.961159520514352
gelain_2020_cellulose_30gl,equal_g_l,retrospective_condition_holdout,32.0,biomass,9.359389267261477,14.979680639768873,5.6202913725073955
gelain_2020_cellulose_30gl,equal_g_l,retrospective_condition_holdout,32.0,substrate,7.872108338284392,0.18456729225568777,-7.687541046028705
gelain_2020_cellulose_30gl,equal_g_l,retrospective_condition_holdout,48.0,biomass,5.485934089879789,9.049956329113119,3.5640222392333296
gelain_2020_cellulose_30gl,equal_g_l,retrospective_condition_holdout,48.0,substrate,2.666776280212802,4.126708299986808e-06,-2.666772153504502
gelain_2020_cellulose_30gl,equal_g_l,retrospective_condition_holdout,54.0,biomass,4.391623867448644,7.466765147379479,3.0751412799308353
gelain_2020_cellulose_30gl,equal_g_l,retrospective_condition_holdout,54.0,substrate,1.6469777786999686,2.4897961965161063e-07,-1.646977529720349
gelain_2020_cellulose_30gl,equal_g_l,retrospective_condition_holdout,72.0,biomass,3.694769158253853,4.193629958082945,0.4988607998290919
gelain_2020_cellulose_30gl,equal_g_l,retrospective_condition_holdout,72.0,substrate,0.812655179308664,7.509807696209801e-10,-0.8126551785576833
gelain_2020_cellulose_30gl,equal_g_l,retrospective_condition_holdout,96.0,biomass,3.0835877888364163,1.9432720234335839,-1.1403157654028324
gelain_2020_cellulose_30gl,equal_g_l,retrospective_condition_holdout,96.0,substrate,0.41352825991980907,1.4132908348053556e-11,-0.41352825990567615
