observableId	simulationConditionId	measurement	time
observable_biomass	gelain_2020_cellulose_10gl	2.861740254941905	28800.0
observable_substrate	gelain_2020_cellulose_10gl	9.876727248621048	28800.0
observable_cellulase_activity	gelain_2020_cellulose_10gl	0.0	28800.0
observable_beta_glucosidase_activity	gelain_2020_cellulose_10gl	15.872852798553465	28800.0
observable_biomass	gelain_2020_cellulose_10gl	3.665041890787295	43200.0
observable_substrate	gelain_2020_cellulose_10gl	9.219127032038841	43200.0
observable_cellulase_activity	gelain_2020_cellulose_10gl	21.412016864121345	43200.0
observable_beta_glucosidase_activity	gelain_2020_cellulose_10gl	53.35127804717679	43200.0
observable_biomass	gelain_2020_cellulose_10gl	5.913493103187719	86400.0
observable_substrate	gelain_2020_cellulose_10gl	2.7353502101590594	86400.0
observable_cellulase_activity	gelain_2020_cellulose_10gl	422.0973470730104	86400.0
observable_beta_glucosidase_activity	gelain_2020_cellulose_10gl	895.1467083093615	86400.0
observable_biomass	gelain_2020_cellulose_10gl	4.739738476299145	115200.0
observable_substrate	gelain_2020_cellulose_10gl	1.2601496784731454	115200.0
observable_cellulase_activity	gelain_2020_cellulose_10gl	766.7136314433242	115200.0
observable_beta_glucosidase_activity	gelain_2020_cellulose_10gl	1494.4111120243285	115200.0
observable_biomass	gelain_2020_cellulose_10gl	4.243537934501599	172800.0
observable_substrate	gelain_2020_cellulose_10gl	0.5342209822564191	172800.0
observable_cellulase_activity	gelain_2020_cellulose_10gl	818.9039361842179	172800.0
observable_beta_glucosidase_activity	gelain_2020_cellulose_10gl	1706.7683077175968	172800.0
observable_biomass	gelain_2020_cellulose_10gl	3.5692922874279707	194400.0
observable_substrate	gelain_2020_cellulose_10gl	0.26861955108609203	194400.0
observable_cellulase_activity	gelain_2020_cellulose_10gl	845.5658011681369	194400.0
observable_beta_glucosidase_activity	gelain_2020_cellulose_10gl	1818.854277964987	194400.0
observable_biomass	gelain_2020_cellulose_10gl	2.6271713586585586	259200.0
observable_substrate	gelain_2020_cellulose_10gl	0.19742474929847192	259200.0
observable_cellulase_activity	gelain_2020_cellulose_10gl	887.6433209611139	259200.0
observable_beta_glucosidase_activity	gelain_2020_cellulose_10gl	1893.2358017588563	259200.0
observable_biomass	gelain_2020_cellulose_10gl	2.1249852272536094	345600.0
observable_substrate	gelain_2020_cellulose_10gl	0.27489601807091035	345600.0
observable_cellulase_activity	gelain_2020_cellulose_10gl	791.203710266842	345600.0
observable_beta_glucosidase_activity	gelain_2020_cellulose_10gl	1636.0853127311582	345600.0
observable_biomass	gelain_2020_cellulose_20gl	4.0002250233517245	28800.0
observable_substrate	gelain_2020_cellulose_20gl	19.973133273578657	28800.0
observable_cellulase_activity	gelain_2020_cellulose_20gl	0.0	28800.0
observable_beta_glucosidase_activity	gelain_2020_cellulose_20gl	11.835292183775794	28800.0
observable_biomass	gelain_2020_cellulose_20gl	4.814712467452349	43200.0
observable_substrate	gelain_2020_cellulose_20gl	18.947457408916286	43200.0
observable_cellulase_activity	gelain_2020_cellulose_20gl	0.0	43200.0
observable_beta_glucosidase_activity	gelain_2020_cellulose_20gl	42.49712336648312	43200.0
observable_biomass	gelain_2020_cellulose_20gl	8.219913529590286	86400.0
observable_substrate	gelain_2020_cellulose_20gl	8.023400382459453	86400.0
observable_cellulase_activity	gelain_2020_cellulose_20gl	234.1939607717343	86400.0
observable_beta_glucosidase_activity	gelain_2020_cellulose_20gl	482.3497986356539	86400.0
observable_biomass	gelain_2020_cellulose_20gl	7.951744677367952	115200.0
observable_substrate	gelain_2020_cellulose_20gl	4.423403826799742	115200.0
observable_cellulase_activity	gelain_2020_cellulose_20gl	429.8292287863691	115200.0
observable_beta_glucosidase_activity	gelain_2020_cellulose_20gl	1107.606640913948	115200.0
observable_biomass	gelain_2020_cellulose_20gl	4.131839147393322	172800.0
observable_substrate	gelain_2020_cellulose_20gl	1.4393416615428438	172800.0
observable_cellulase_activity	gelain_2020_cellulose_20gl	790.3711177545282	172800.0
observable_beta_glucosidase_activity	gelain_2020_cellulose_20gl	1942.6522561025727	172800.0
observable_biomass	gelain_2020_cellulose_20gl	3.902723708971134	194400.0
observable_substrate	gelain_2020_cellulose_20gl	0.9118836300307355	194400.0
observable_cellulase_activity	gelain_2020_cellulose_20gl	842.7412414519945	194400.0
observable_beta_glucosidase_activity	gelain_2020_cellulose_20gl	2014.6708309361393	194400.0
observable_biomass	gelain_2020_cellulose_20gl	3.024125516304073	259200.0
observable_substrate	gelain_2020_cellulose_20gl	0.45960424881688994	259200.0
observable_cellulase_activity	gelain_2020_cellulose_20gl	813.588355305991	259200.0
observable_beta_glucosidase_activity	gelain_2020_cellulose_20gl	2150.797238431824	259200.0
observable_biomass	gelain_2020_cellulose_20gl	2.2692409022337583	345600.0
observable_substrate	gelain_2020_cellulose_20gl	0.22848613359859138	345600.0
observable_cellulase_activity	gelain_2020_cellulose_20gl	769.9579484749818	345600.0
observable_beta_glucosidase_activity	gelain_2020_cellulose_20gl	2001.9314539327693	345600.0
observable_biomass	gelain_2020_cellulose_30gl	3.386259598851707	28800.0
observable_substrate	gelain_2020_cellulose_30gl	31.188432670702987	28800.0
observable_cellulase_activity	gelain_2020_cellulose_30gl	0.0	28800.0
observable_beta_glucosidase_activity	gelain_2020_cellulose_30gl	0.0	28800.0
observable_biomass	gelain_2020_cellulose_30gl	4.569515420878874	43200.0
observable_substrate	gelain_2020_cellulose_30gl	28.988940995685873	43200.0
observable_cellulase_activity	gelain_2020_cellulose_30gl	0.0	43200.0
observable_beta_glucosidase_activity	gelain_2020_cellulose_30gl	12.040766006410783	43200.0
observable_biomass	gelain_2020_cellulose_30gl	9.40625525180876	86400.0
observable_substrate	gelain_2020_cellulose_30gl	15.733988095896388	86400.0
observable_cellulase_activity	gelain_2020_cellulose_30gl	152.57859384708274	86400.0
observable_beta_glucosidase_activity	gelain_2020_cellulose_30gl	395.94805621763794	86400.0
observable_biomass	gelain_2020_cellulose_30gl	9.359389267261477	115200.0
observable_substrate	gelain_2020_cellulose_30gl	7.872108338284392	115200.0
observable_cellulase_activity	gelain_2020_cellulose_30gl	343.4897531492801	115200.0
observable_beta_glucosidase_activity	gelain_2020_cellulose_30gl	713.5078491000247	115200.0
observable_biomass	gelain_2020_cellulose_30gl	5.485934089879789	172800.0
observable_substrate	gelain_2020_cellulose_30gl	2.666776280212802	172800.0
observable_cellulase_activity	gelain_2020_cellulose_30gl	665.0016027125024	172800.0
observable_beta_glucosidase_activity	gelain_2020_cellulose_30gl	1538.8448261691465	172800.0
observable_biomass	gelain_2020_cellulose_30gl	4.391623867448644	194400.0
observable_substrate	gelain_2020_cellulose_30gl	1.6469777786999686	194400.0
observable_cellulase_activity	gelain_2020_cellulose_30gl	745.1070257096395	194400.0
observable_beta_glucosidase_activity	gelain_2020_cellulose_30gl	1976.4526999260297	194400.0
observable_biomass	gelain_2020_cellulose_30gl	3.694769158253853	259200.0
observable_substrate	gelain_2020_cellulose_30gl	0.812655179308664	259200.0
observable_cellulase_activity	gelain_2020_cellulose_30gl	796.3737686604547	259200.0
observable_beta_glucosidase_activity	gelain_2020_cellulose_30gl	1929.399194542615	259200.0
observable_biomass	gelain_2020_cellulose_30gl	3.0835877888364163	345600.0
observable_substrate	gelain_2020_cellulose_30gl	0.41352825991980907	345600.0
observable_cellulase_activity	gelain_2020_cellulose_30gl	754.6127961395241	345600.0
observable_beta_glucosidase_activity	gelain_2020_cellulose_30gl	1966.6926933508673	345600.0
