parameterId	parameterName	parameterScale	lowerBound	upperBound	nominalValue	estimate
gelain_hydrolysis_k_h	k_h	log10	1e-06	1.0	0.01839387122679473	1
gelain_hydrolysis_Kh	Kh	log10	0.001	100.0	16.74539716546491	1
gelain_hydrolysis_Y	Y	log10	0.01	1.0	0.4145999322727295	1
gelain_hydrolysis_kd	kd	log10	1e-05	0.5	0.019848069467621906	1
gelain_hydrolysis_K_ind	K_ind	log10	0.01	100.0	0.010000000000000111	1
gelain_hydrolysis_qF	qF	log10	0.01	1000.0	5.823298594763041	1
gelain_hydrolysis_kF	kF	log10	1e-06	0.1	1.0000006329108917e-06	1
gelain_hydrolysis_qB	qB	log10	0.01	3000.0	13.937760028320657	1
gelain_hydrolysis_kB	kB	log10	1e-06	0.1	1.0000000000422582e-06	1
