time_h,mycelial_area_cm2,mycelial_area_sd_cm2,panel_difference_cm2,digitization_uncertainty_cm2,temperature_panel_value_cm2,humidity_panel_value_cm2,flags
1,0.797,0.138,-0.053,0.039,0.770,0.824,marker_partially_hidden;sd_below_marker_radius;sd_one_sided;sd_from_one_panel
2,0.787,0.157,0.006,0.039,0.790,0.784,marker_partially_hidden;sd_one_sided
3,0.767,0.157,-0.073,0.039,0.731,0.804,marker_partially_hidden;sd_unavailable;sd_one_sided;panel_disagreement;sd_from_one_panel
4,0.816,,-0.014,0.039,0.809,0.823,marker_partially_hidden;sd_below_marker_radius
5,0.806,,0.005,0.020,0.808,0.804,sd_unavailable
6,0.845,0.118,0.005,0.020,0.848,0.843,sd_one_sided;sd_unavailable;sd_from_one_panel
7,0.843,0.147,0.000,0.020,0.843,0.843,sd_unavailable;sd_from_one_panel
8,0.904,0.157,0.003,0.020,0.906,0.903,sd_one_sided
9,0.964,0.157,-0.002,0.020,0.963,0.965,sd_one_sided
10,1.043,0.177,-0.000,0.020,1.043,1.043,sd_one_sided;sd_unavailable;sd_from_one_panel
11,1.121,0.187,-0.001,0.020,1.120,1.121,sd_one_sided
12,1.180,0.196,-0.001,0.020,1.179,1.180,sd_one_sided
13,1.258,0.231,-0.001,0.020,1.258,1.259,sd_one_sided
14,1.338,0.226,0.000,0.020,1.338,1.338,
15,1.397,0.236,0.000,0.020,1.397,1.397,sd_one_sided
16,1.474,0.236,0.001,0.020,1.474,1.473,
17,1.554,0.250,-0.004,0.039,1.552,1.556,sd_one_sided;marker_partially_hidden
18,1.613,0.275,-0.004,0.039,1.611,1.615,sd_one_sided;marker_partially_hidden
19,1.691,0.290,-0.005,0.039,1.689,1.694,sd_one_sided;marker_partially_hidden
20,1.751,0.314,-0.004,0.039,1.749,1.752,sd_one_sided;marker_partially_hidden
21,1.830,0.329,-0.002,0.039,1.829,1.831,sd_one_sided;marker_partially_hidden
22,1.868,0.334,-0.002,0.020,1.867,1.868,sd_one_sided
23,1.945,0.354,0.002,0.020,1.946,1.944,sd_one_sided
24,2.004,0.373,0.003,0.020,2.005,2.002,sd_one_sided
25,2.083,0.388,0.003,0.020,2.084,2.081,sd_one_sided
26,2.123,0.393,0.002,0.020,2.123,2.122,sd_one_sided
27,2.163,0.413,0.000,0.020,2.163,2.163,sd_one_sided
28,2.201,0.432,0.004,0.020,2.203,2.199,sd_one_sided
29,2.241,0.432,0.001,0.020,2.242,2.241,sd_one_sided
30,2.282,0.432,-0.001,0.020,2.281,2.282,sd_one_sided
31,2.300,0.432,-0.002,0.020,2.299,2.302,sd_one_sided
32,2.340,0.432,0.001,0.020,2.340,2.339,sd_one_sided
33,2.359,0.442,0.001,0.020,2.359,2.359,sd_unavailable;sd_from_one_panel
34,2.398,0.442,-0.002,0.020,2.397,2.399,
35,2.398,0.437,-0.002,0.020,2.397,2.399,sd_one_sided
36,2.437,0.442,-0.001,0.020,2.437,2.438,
37,2.437,0.476,-0.001,0.020,2.437,2.438,sd_one_sided
38,2.457,0.432,-0.001,0.020,2.456,2.457,
39,2.457,0.432,-0.001,0.020,2.456,2.457,
40,2.476,0.422,-0.001,0.020,2.476,2.477,
41,2.496,0.422,0.002,0.020,2.497,2.495,
42,2.516,0.432,0.001,0.020,2.517,2.516,
43,2.517,0.437,-0.001,0.020,2.517,2.518,sd_one_sided
44,2.516,0.452,-0.001,0.020,2.515,2.516,
45,2.536,0.393,0.001,0.020,2.536,2.536,
46,2.535,0.413,-0.001,0.020,2.535,2.536,sd_unavailable;sd_from_one_panel
47,2.516,0.354,-0.002,0.020,2.515,2.517,
48,2.516,0.363,-0.001,0.020,2.515,2.516,
49,2.535,0.354,-0.001,0.020,2.535,2.536,
50,2.575,0.334,-0.001,0.020,2.574,2.575,sd_one_sided
51,2.555,0.260,-0.001,0.020,2.555,2.555,sd_one_sided
52,2.555,0.295,-0.001,0.020,2.555,2.555,sd_one_sided
53,2.575,0.275,0.002,0.020,2.576,2.574,sd_one_sided
54,2.575,0.275,0.002,0.020,2.576,2.574,sd_one_sided
55,2.576,0.255,-0.001,0.020,2.576,2.577,sd_one_sided
56,2.575,0.275,-0.001,0.020,2.574,2.575,sd_one_sided
57,2.595,0.241,0.001,0.020,2.595,2.595,sd_one_sided
58,2.595,0.285,0.001,0.020,2.595,2.595,sd_one_sided
59,2.595,0.236,-0.002,0.020,2.594,2.596,sd_one_sided
60,2.595,0.255,-0.002,0.020,2.594,2.596,sd_one_sided
61,2.594,0.241,-0.001,0.020,2.594,2.595,sd_one_sided
62,2.594,0.255,-0.001,0.020,2.594,2.595,sd_one_sided
