time_h,tip_count,tip_count_sd,panel_difference,digitization_uncertainty,temperature_panel_value,humidity_panel_value,flags
2,79.3,,,48.9,79.3,,marker_partially_hidden;sd_below_marker_radius;single_panel
5,219.5,,,48.8,,219.5,marker_partially_hidden;sd_unavailable;single_panel
6,243.9,195.1,,48.8,,243.9,marker_partially_hidden;sd_one_sided;single_panel
7,268.3,219.5,,48.8,,268.3,marker_partially_hidden;single_panel
8,304.9,268.3,,48.8,,304.9,marker_partially_hidden;single_panel
9,329.3,,,48.8,,329.3,marker_partially_hidden;sd_unavailable;single_panel
10,351.1,280.5,-5.2,48.9,348.5,353.7,marker_partially_hidden;sd_below_marker_radius;sd_from_one_panel
11,439.0,292.7,,48.8,,439.0,marker_partially_hidden;sd_one_sided;single_panel
12,475.6,,,48.8,,475.6,marker_partially_hidden;sd_unavailable;single_panel
13,536.3,268.3,-0.5,48.9,536.0,536.6,marker_partially_hidden;sd_unavailable;sd_one_sided;sd_from_one_panel
14,592.6,280.9,1.0,48.9,593.1,592.1,marker_partially_hidden;sd_one_sided
15,645.6,329.8,17.4,48.9,654.3,636.9,marker_partially_hidden;sd_one_sided
16,734.5,341.5,10.9,48.9,739.9,729.0,marker_partially_hidden;sd_unavailable;sd_one_sided;sd_from_one_panel
17,823.2,390.2,-19.8,48.9,813.3,833.1,marker_partially_hidden;sd_unavailable;sd_one_sided;sd_from_one_panel
18,882.4,416.0,8.7,48.9,886.7,878.0,marker_partially_hidden;sd_one_sided;sd_unavailable;sd_from_one_panel
19,983.5,439.0,2.2,48.9,984.6,982.4,marker_partially_hidden;sd_below_marker_radius;sd_one_sided;sd_from_one_panel
20,1016.7,524.4,-15.3,48.9,1009.1,1024.4,marker_partially_hidden;sd_below_marker_radius;sd_from_one_panel
21,1126.7,573.2,-4.1,24.5,1124.6,1128.7,sd_below_marker_radius;sd_from_one_panel
22,1233.2,609.8,-7.8,48.9,1229.3,1237.1,marker_partially_hidden;sd_unavailable;sd_from_one_panel
23,1318.7,634.1,3.3,48.8,1320.4,1317.1,sd_unavailable;marker_partially_hidden;sd_from_one_panel
24,1371.0,,10.2,48.9,1376.1,1365.9,marker_partially_hidden;sd_unavailable;sd_below_marker_radius
25,1474.0,,,48.9,1474.0,,marker_partially_hidden;sd_unavailable;single_panel
26,1519.0,,,24.5,1519.0,,sd_unavailable;single_panel
27,1603.6,831.9,-12.2,48.8,1597.5,1609.8,sd_one_sided;marker_partially_hidden;sd_unavailable;sd_from_one_panel
28,1651.9,853.7,-13.3,48.9,1645.2,1658.5,marker_partially_hidden;sd_unavailable;sd_one_sided;sd_from_one_panel
29,1727.1,902.4,-9.2,24.5,1722.5,1731.7,sd_unavailable;sd_one_sided;sd_from_one_panel
30,1739.3,926.8,7.6,48.9,1743.1,1735.6,marker_partially_hidden;sd_unavailable;sd_one_sided;sd_from_one_panel
31,1772.7,939.0,-10.2,48.9,1767.6,1777.8,marker_partially_hidden;sd_unavailable;sd_from_one_panel
32,1810.7,975.6,11.6,48.9,1816.5,1804.9,marker_partially_hidden;sd_unavailable;sd_from_one_panel
33,1822.9,963.4,-5.0,24.5,1820.4,1825.4,sd_unavailable;sd_from_one_panel
34,1845.4,1000.0,-8.8,24.5,1841.0,1849.8,sd_unavailable;sd_one_sided;sd_from_one_panel
35,1835.1,975.6,11.7,48.9,1841.0,1829.3,marker_partially_hidden;sd_unavailable;sd_one_sided;sd_from_one_panel
36,1846.1,,-10.2,48.9,1841.0,1851.2,marker_partially_hidden;sd_unavailable
37,1892.8,1012.2,-5.7,48.9,1889.9,1895.7,marker_partially_hidden;sd_unavailable;sd_from_one_panel
38,1885.9,975.6,8.0,48.9,1889.9,1881.9,marker_partially_hidden;sd_unavailable;sd_one_sided;sd_from_one_panel
39,1907.6,975.6,2.7,24.5,1909.0,1906.3,sd_unavailable;sd_one_sided;sd_from_one_panel
40,1890.1,1026.0,-0.3,48.9,1889.9,1890.2,marker_partially_hidden;sd_one_sided
41,1894.9,1024.4,-7.4,24.5,1891.1,1898.6,sd_unavailable;sd_one_sided;sd_from_one_panel
42,1902.3,,-0.3,48.9,1902.2,1902.4,marker_partially_hidden;sd_unavailable;sd_below_marker_radius
43,1896.9,1048.8,-11.2,48.8,1891.3,1902.4,sd_below_marker_radius;marker_partially_hidden;sd_from_one_panel
44,1896.2,1048.8,-12.5,48.9,1889.9,1902.4,marker_partially_hidden;sd_unavailable;sd_one_sided;sd_from_one_panel
45,1897.5,1000.0,-9.9,48.8,1892.5,1902.4,sd_unavailable;marker_partially_hidden;sd_one_sided;sd_from_one_panel
46,1934.8,1024.4,8.2,48.9,1938.9,1930.7,marker_partially_hidden;sd_unavailable;sd_one_sided;sd_from_one_panel
47,1884.0,1032.1,11.9,48.9,1889.9,1878.0,marker_partially_hidden;sd_one_sided
48,1896.8,1073.2,-11.3,48.8,1891.1,1902.4,sd_unavailable;marker_partially_hidden;sd_one_sided;sd_from_one_panel
49,1896.2,1012.2,-12.5,48.9,1889.9,1902.4,marker_partially_hidden;sd_unavailable;sd_from_one_panel
50,1859.6,1012.2,11.8,48.9,1865.5,1853.7,marker_partially_hidden;sd_unavailable;sd_from_one_panel
51,1896.2,1036.6,-12.5,48.9,1889.9,1902.4,marker_partially_hidden;sd_unavailable;sd_from_one_panel
52,1869.6,1036.6,-0.6,48.8,1869.3,1869.9,sd_unavailable;marker_partially_hidden;sd_from_one_panel
53,1871.8,,-12.6,48.9,1865.5,1878.0,marker_partially_hidden;sd_below_marker_radius;sd_unavailable
54,1892.8,1048.8,-5.7,48.9,1889.9,1895.7,marker_partially_hidden;sd_unavailable;sd_from_one_panel
55,1908.4,1048.8,11.9,48.9,1914.4,1902.4,marker_partially_hidden;sd_unavailable;sd_from_one_panel
56,1896.2,1061.0,-12.5,48.9,1889.9,1902.4,marker_partially_hidden;sd_unavailable;sd_from_one_panel
57,1896.9,,-11.2,48.8,1891.3,1902.4,sd_unavailable;marker_partially_hidden;sd_below_marker_radius
58,1894.8,573.4,-15.2,48.8,1887.2,1902.4,sd_one_sided;marker_partially_hidden
59,1900.2,,-20.6,48.9,1889.9,1910.6,marker_partially_hidden;sd_unavailable;sd_below_marker_radius
60,1917.9,1024.4,-17.9,48.8,1909.0,1926.8,sd_unavailable;marker_partially_hidden;sd_one_sided;sd_from_one_panel
61,1914.5,1048.8,-24.7,48.9,1902.2,1926.8,marker_partially_hidden;sd_unavailable;sd_from_one_panel
62,1908.4,1073.2,11.9,48.9,1914.4,1902.4,marker_partially_hidden;sd_unavailable;sd_from_one_panel
