condition_id,substrate,nominal_initial_g_l,time_h,observable,value,source_units,record_role,uncertainty,replicate_id,source_file,source_sheet,source_cell
gelain_2020_glycerol_5gl,glycerol,5,0,biomass,0.5,g/L,source_initial_condition,,,gelain_2020/originals/glycerol/5gL.xlsx,Plan1,B2
gelain_2020_glycerol_5gl,glycerol,5,0,substrate,5,g/L,source_initial_condition,,,gelain_2020/originals/glycerol/5gL.xlsx,Plan1,C2
gelain_2020_glycerol_5gl,glycerol,5,8,biomass,1.5047900000000001,g/L,published_mean,,,gelain_2020/originals/glycerol/5gL.xlsx,Plan1,B3
gelain_2020_glycerol_5gl,glycerol,5,8,substrate,5.3804999999999996,g/L,published_mean,,,gelain_2020/originals/glycerol/5gL.xlsx,Plan1,C3
gelain_2020_glycerol_5gl,glycerol,5,12,biomass,2.2662399999999998,g/L,published_mean,,,gelain_2020/originals/glycerol/5gL.xlsx,Plan1,B4
gelain_2020_glycerol_5gl,glycerol,5,12,substrate,4.484,g/L,published_mean,,,gelain_2020/originals/glycerol/5gL.xlsx,Plan1,C4
gelain_2020_glycerol_5gl,glycerol,5,24,biomass,4.1502400000000002,g/L,published_mean,,,gelain_2020/originals/glycerol/5gL.xlsx,Plan1,B5
gelain_2020_glycerol_5gl,glycerol,5,24,substrate,0,g/L,published_mean,,,gelain_2020/originals/glycerol/5gL.xlsx,Plan1,C5
gelain_2020_glycerol_5gl,glycerol,5,32,biomass,2.2364099999999998,g/L,published_mean,,,gelain_2020/originals/glycerol/5gL.xlsx,Plan1,B6
gelain_2020_glycerol_5gl,glycerol,5,32,substrate,0,g/L,published_mean,,,gelain_2020/originals/glycerol/5gL.xlsx,Plan1,C6
gelain_2020_glycerol_5gl,glycerol,5,48,biomass,1.5617700000000001,g/L,published_mean,,,gelain_2020/originals/glycerol/5gL.xlsx,Plan1,B7
gelain_2020_glycerol_5gl,glycerol,5,48,substrate,0,g/L,published_mean,,,gelain_2020/originals/glycerol/5gL.xlsx,Plan1,C7
gelain_2020_glycerol_5gl,glycerol,5,54,biomass,1.3112900000000001,g/L,published_mean,,,gelain_2020/originals/glycerol/5gL.xlsx,Plan1,B8
gelain_2020_glycerol_5gl,glycerol,5,54,substrate,0,g/L,published_mean,,,gelain_2020/originals/glycerol/5gL.xlsx,Plan1,C8
gelain_2020_glycerol_5gl,glycerol,5,72,biomass,1.0774600000000001,g/L,published_mean,,,gelain_2020/originals/glycerol/5gL.xlsx,Plan1,B9
gelain_2020_glycerol_5gl,glycerol,5,72,substrate,0,g/L,published_mean,,,gelain_2020/originals/glycerol/5gL.xlsx,Plan1,C9
gelain_2020_glycerol_5gl,glycerol,5,96,biomass,0.94881000000000004,g/L,published_mean,,,gelain_2020/originals/glycerol/5gL.xlsx,Plan1,B10
gelain_2020_glycerol_5gl,glycerol,5,96,substrate,0,g/L,published_mean,,,gelain_2020/originals/glycerol/5gL.xlsx,Plan1,C10
gelain_2020_glycerol_10gl,glycerol,10,0,biomass,0.5,g/L,source_initial_condition,,,gelain_2020/originals/glycerol/10gL.xlsx,Plan1,B2
gelain_2020_glycerol_10gl,glycerol,10,0,substrate,10,g/L,source_initial_condition,,,gelain_2020/originals/glycerol/10gL.xlsx,Plan1,C2
gelain_2020_glycerol_10gl,glycerol,10,8,biomass,1.76857,g/L,published_mean,,,gelain_2020/originals/glycerol/10gL.xlsx,Plan1,B3
gelain_2020_glycerol_10gl,glycerol,10,8,substrate,10.545999999999999,g/L,published_mean,,,gelain_2020/originals/glycerol/10gL.xlsx,Plan1,C3
gelain_2020_glycerol_10gl,glycerol,10,12,biomass,2.6352500000000001,g/L,published_mean,,,gelain_2020/originals/glycerol/10gL.xlsx,Plan1,B4
gelain_2020_glycerol_10gl,glycerol,10,12,substrate,9.9405000000000001,g/L,published_mean,,,gelain_2020/originals/glycerol/10gL.xlsx,Plan1,C4
gelain_2020_glycerol_10gl,glycerol,10,24,biomass,6.0795399999999997,g/L,published_mean,,,gelain_2020/originals/glycerol/10gL.xlsx,Plan1,B5
gelain_2020_glycerol_10gl,glycerol,10,24,substrate,0,g/L,published_mean,,,gelain_2020/originals/glycerol/10gL.xlsx,Plan1,C5
gelain_2020_glycerol_10gl,glycerol,10,32,biomass,3.1157699999999999,g/L,published_mean,,,gelain_2020/originals/glycerol/10gL.xlsx,Plan1,B6
gelain_2020_glycerol_10gl,glycerol,10,32,substrate,0,g/L,published_mean,,,gelain_2020/originals/glycerol/10gL.xlsx,Plan1,C6
gelain_2020_glycerol_10gl,glycerol,10,48,biomass,1.8761000000000001,g/L,published_mean,,,gelain_2020/originals/glycerol/10gL.xlsx,Plan1,B7
gelain_2020_glycerol_10gl,glycerol,10,48,substrate,0,g/L,published_mean,,,gelain_2020/originals/glycerol/10gL.xlsx,Plan1,C7
gelain_2020_glycerol_10gl,glycerol,10,54,biomass,1.45167,g/L,published_mean,,,gelain_2020/originals/glycerol/10gL.xlsx,Plan1,B8
gelain_2020_glycerol_10gl,glycerol,10,54,substrate,0,g/L,published_mean,,,gelain_2020/originals/glycerol/10gL.xlsx,Plan1,C8
gelain_2020_glycerol_10gl,glycerol,10,72,biomass,1.2717000000000001,g/L,published_mean,,,gelain_2020/originals/glycerol/10gL.xlsx,Plan1,B9
gelain_2020_glycerol_10gl,glycerol,10,72,substrate,0,g/L,published_mean,,,gelain_2020/originals/glycerol/10gL.xlsx,Plan1,C9
gelain_2020_glycerol_10gl,glycerol,10,96,biomass,0.96367999999999998,g/L,published_mean,,,gelain_2020/originals/glycerol/10gL.xlsx,Plan1,B10
gelain_2020_glycerol_10gl,glycerol,10,96,substrate,0,g/L,published_mean,,,gelain_2020/originals/glycerol/10gL.xlsx,Plan1,C10
gelain_2020_glycerol_20gl,glycerol,20,0,biomass,0.5,g/L,source_initial_condition,,,gelain_2020/originals/glycerol/20gL.xlsx,Plan1,B2
gelain_2020_glycerol_20gl,glycerol,20,0,substrate,20,g/L,source_initial_condition,,,gelain_2020/originals/glycerol/20gL.xlsx,Plan1,C2
gelain_2020_glycerol_20gl,glycerol,20,8,biomass,1.95445,g/L,published_mean,,,gelain_2020/originals/glycerol/20gL.xlsx,Plan1,B3
gelain_2020_glycerol_20gl,glycerol,20,8,substrate,21.1525,g/L,published_mean,,,gelain_2020/originals/glycerol/20gL.xlsx,Plan1,C3
gelain_2020_glycerol_20gl,glycerol,20,12,biomass,2.67041,g/L,published_mean,,,gelain_2020/originals/glycerol/20gL.xlsx,Plan1,B4
gelain_2020_glycerol_20gl,glycerol,20,12,substrate,20.1995,g/L,published_mean,,,gelain_2020/originals/glycerol/20gL.xlsx,Plan1,C4
gelain_2020_glycerol_20gl,glycerol,20,24,biomass,8.1122099999999993,g/L,published_mean,,,gelain_2020/originals/glycerol/20gL.xlsx,Plan1,B5
gelain_2020_glycerol_20gl,glycerol,20,24,substrate,3.8340000000000001,g/L,published_mean,,,gelain_2020/originals/glycerol/20gL.xlsx,Plan1,C5
gelain_2020_glycerol_20gl,glycerol,20,32,biomass,5.3938499999999996,g/L,published_mean,,,gelain_2020/originals/glycerol/20gL.xlsx,Plan1,B6
gelain_2020_glycerol_20gl,glycerol,20,32,substrate,0.22900000000000001,g/L,published_mean,,,gelain_2020/originals/glycerol/20gL.xlsx,Plan1,C6
gelain_2020_glycerol_20gl,glycerol,20,48,biomass,2.8651800000000001,g/L,published_mean,,,gelain_2020/originals/glycerol/20gL.xlsx,Plan1,B7
gelain_2020_glycerol_20gl,glycerol,20,48,substrate,0,g/L,published_mean,,,gelain_2020/originals/glycerol/20gL.xlsx,Plan1,C7
gelain_2020_glycerol_20gl,glycerol,20,54,biomass,2.3932699999999998,g/L,published_mean,,,gelain_2020/originals/glycerol/20gL.xlsx,Plan1,B8
gelain_2020_glycerol_20gl,glycerol,20,54,substrate,0,g/L,published_mean,,,gelain_2020/originals/glycerol/20gL.xlsx,Plan1,C8
gelain_2020_glycerol_20gl,glycerol,20,72,biomass,1.66435,g/L,published_mean,,,gelain_2020/originals/glycerol/20gL.xlsx,Plan1,B9
gelain_2020_glycerol_20gl,glycerol,20,72,substrate,0,g/L,published_mean,,,gelain_2020/originals/glycerol/20gL.xlsx,Plan1,C9
gelain_2020_glycerol_20gl,glycerol,20,96,biomass,0.74282000000000004,g/L,published_mean,,,gelain_2020/originals/glycerol/20gL.xlsx,Plan1,B10
gelain_2020_glycerol_20gl,glycerol,20,96,substrate,0,g/L,published_mean,,,gelain_2020/originals/glycerol/20gL.xlsx,Plan1,C10
gelain_2020_cellulose_10gl,cellulose,10,0,biomass,0.39906729572147881,g/L,source_initial_condition,,,gelain_2020/originals/cellulose/10gL.xlsx,Plan1,E2
gelain_2020_cellulose_10gl,cellulose,10,0,substrate,10,g/L,source_initial_condition,,,gelain_2020/originals/cellulose/10gL.xlsx,Plan1,F2
gelain_2020_cellulose_10gl,cellulose,10,0,cellulase_activity,0,FPU/L,source_initial_condition,,,gelain_2020/originals/cellulose/10gL.xlsx,Plan1,B2
gelain_2020_cellulose_10gl,cellulose,10,0,beta_glucosidase_activity,0,U/L,source_initial_condition,,,gelain_2020/originals/cellulose/10gL.xlsx,Plan1,C2
gelain_2020_cellulose_10gl,cellulose,10,8,biomass,2.8617402549419051,g/L,published_mean,,,gelain_2020/originals/cellulose/10gL.xlsx,Plan1,E3
gelain_2020_cellulose_10gl,cellulose,10,8,substrate,9.876727248621048,g/L,published_mean,,,gelain_2020/originals/cellulose/10gL.xlsx,Plan1,F3
gelain_2020_cellulose_10gl,cellulose,10,8,cellulase_activity,0,FPU/L,published_mean,,,gelain_2020/originals/cellulose/10gL.xlsx,Plan1,B3
gelain_2020_cellulose_10gl,cellulose,10,8,beta_glucosidase_activity,15.872852798553465,U/L,published_mean,,,gelain_2020/originals/cellulose/10gL.xlsx,Plan1,C3
gelain_2020_cellulose_10gl,cellulose,10,12,biomass,3.665041890787295,g/L,published_mean,,,gelain_2020/originals/cellulose/10gL.xlsx,Plan1,E4
gelain_2020_cellulose_10gl,cellulose,10,12,substrate,9.2191270320388412,g/L,published_mean,,,gelain_2020/originals/cellulose/10gL.xlsx,Plan1,F4
gelain_2020_cellulose_10gl,cellulose,10,12,cellulase_activity,21.412016864121345,FPU/L,published_mean,,,gelain_2020/originals/cellulose/10gL.xlsx,Plan1,B4
gelain_2020_cellulose_10gl,cellulose,10,12,beta_glucosidase_activity,53.351278047176791,U/L,published_mean,,,gelain_2020/originals/cellulose/10gL.xlsx,Plan1,C4
gelain_2020_cellulose_10gl,cellulose,10,24,biomass,5.9134931031877187,g/L,published_mean,,,gelain_2020/originals/cellulose/10gL.xlsx,Plan1,E5
gelain_2020_cellulose_10gl,cellulose,10,24,substrate,2.7353502101590594,g/L,published_mean,,,gelain_2020/originals/cellulose/10gL.xlsx,Plan1,F5
gelain_2020_cellulose_10gl,cellulose,10,24,cellulase_activity,422.09734707301038,FPU/L,published_mean,,,gelain_2020/originals/cellulose/10gL.xlsx,Plan1,B5
gelain_2020_cellulose_10gl,cellulose,10,24,beta_glucosidase_activity,895.14670830936154,U/L,published_mean,,,gelain_2020/originals/cellulose/10gL.xlsx,Plan1,C5
gelain_2020_cellulose_10gl,cellulose,10,32,biomass,4.739738476299145,g/L,published_mean,,,gelain_2020/originals/cellulose/10gL.xlsx,Plan1,E6
gelain_2020_cellulose_10gl,cellulose,10,32,substrate,1.2601496784731454,g/L,published_mean,,,gelain_2020/originals/cellulose/10gL.xlsx,Plan1,F6
gelain_2020_cellulose_10gl,cellulose,10,32,cellulase_activity,766.71363144332418,FPU/L,published_mean,,,gelain_2020/originals/cellulose/10gL.xlsx,Plan1,B6
gelain_2020_cellulose_10gl,cellulose,10,32,beta_glucosidase_activity,1494.4111120243285,U/L,published_mean,,,gelain_2020/originals/cellulose/10gL.xlsx,Plan1,C6
gelain_2020_cellulose_10gl,cellulose,10,48,biomass,4.2435379345015987,g/L,published_mean,,,gelain_2020/originals/cellulose/10gL.xlsx,Plan1,E7
gelain_2020_cellulose_10gl,cellulose,10,48,substrate,0.53422098225641912,g/L,published_mean,,,gelain_2020/originals/cellulose/10gL.xlsx,Plan1,F7
gelain_2020_cellulose_10gl,cellulose,10,48,cellulase_activity,818.90393618421786,FPU/L,published_mean,,,gelain_2020/originals/cellulose/10gL.xlsx,Plan1,B7
gelain_2020_cellulose_10gl,cellulose,10,48,beta_glucosidase_activity,1706.7683077175968,U/L,published_mean,,,gelain_2020/originals/cellulose/10gL.xlsx,Plan1,C7
gelain_2020_cellulose_10gl,cellulose,10,54,biomass,3.5692922874279707,g/L,published_mean,,,gelain_2020/originals/cellulose/10gL.xlsx,Plan1,E8
gelain_2020_cellulose_10gl,cellulose,10,54,substrate,0.26861955108609203,g/L,published_mean,,,gelain_2020/originals/cellulose/10gL.xlsx,Plan1,F8
gelain_2020_cellulose_10gl,cellulose,10,54,cellulase_activity,845.56580116813689,FPU/L,published_mean,,,gelain_2020/originals/cellulose/10gL.xlsx,Plan1,B8
gelain_2020_cellulose_10gl,cellulose,10,54,beta_glucosidase_activity,1818.854277964987,U/L,published_mean,,,gelain_2020/originals/cellulose/10gL.xlsx,Plan1,C8
gelain_2020_cellulose_10gl,cellulose,10,72,biomass,2.6271713586585586,g/L,published_mean,,,gelain_2020/originals/cellulose/10gL.xlsx,Plan1,E9
gelain_2020_cellulose_10gl,cellulose,10,72,substrate,0.19742474929847192,g/L,published_mean,,,gelain_2020/originals/cellulose/10gL.xlsx,Plan1,F9
gelain_2020_cellulose_10gl,cellulose,10,72,cellulase_activity,887.64332096111389,FPU/L,published_mean,,,gelain_2020/originals/cellulose/10gL.xlsx,Plan1,B9
gelain_2020_cellulose_10gl,cellulose,10,72,beta_glucosidase_activity,1893.2358017588563,U/L,published_mean,,,gelain_2020/originals/cellulose/10gL.xlsx,Plan1,C9
gelain_2020_cellulose_10gl,cellulose,10,96,biomass,2.1249852272536094,g/L,published_mean,,,gelain_2020/originals/cellulose/10gL.xlsx,Plan1,E10
gelain_2020_cellulose_10gl,cellulose,10,96,substrate,0.27489601807091035,g/L,published_mean,,,gelain_2020/originals/cellulose/10gL.xlsx,Plan1,F10
gelain_2020_cellulose_10gl,cellulose,10,96,cellulase_activity,791.20371026684199,FPU/L,published_mean,,,gelain_2020/originals/cellulose/10gL.xlsx,Plan1,B10
gelain_2020_cellulose_10gl,cellulose,10,96,beta_glucosidase_activity,1636.0853127311582,U/L,published_mean,,,gelain_2020/originals/cellulose/10gL.xlsx,Plan1,C10
gelain_2020_cellulose_20gl,cellulose,20,0,biomass,0.39906729572147881,g/L,source_initial_condition,,,gelain_2020/originals/cellulose/20gL.xlsx,Plan1,E2
gelain_2020_cellulose_20gl,cellulose,20,0,substrate,20,g/L,source_initial_condition,,,gelain_2020/originals/cellulose/20gL.xlsx,Plan1,F2
gelain_2020_cellulose_20gl,cellulose,20,0,cellulase_activity,0,FPU/L,source_initial_condition,,,gelain_2020/originals/cellulose/20gL.xlsx,Plan1,B2
gelain_2020_cellulose_20gl,cellulose,20,0,beta_glucosidase_activity,0,U/L,source_initial_condition,,,gelain_2020/originals/cellulose/20gL.xlsx,Plan1,C2
gelain_2020_cellulose_20gl,cellulose,20,8,biomass,4.0002250233517245,g/L,published_mean,,,gelain_2020/originals/cellulose/20gL.xlsx,Plan1,E3
gelain_2020_cellulose_20gl,cellulose,20,8,substrate,19.973133273578657,g/L,published_mean,,,gelain_2020/originals/cellulose/20gL.xlsx,Plan1,F3
gelain_2020_cellulose_20gl,cellulose,20,8,cellulase_activity,0,FPU/L,published_mean,,,gelain_2020/originals/cellulose/20gL.xlsx,Plan1,B3
gelain_2020_cellulose_20gl,cellulose,20,8,beta_glucosidase_activity,11.835292183775794,U/L,published_mean,,,gelain_2020/originals/cellulose/20gL.xlsx,Plan1,C3
gelain_2020_cellulose_20gl,cellulose,20,12,biomass,4.8147124674523489,g/L,published_mean,,,gelain_2020/originals/cellulose/20gL.xlsx,Plan1,E4
gelain_2020_cellulose_20gl,cellulose,20,12,substrate,18.947457408916286,g/L,published_mean,,,gelain_2020/originals/cellulose/20gL.xlsx,Plan1,F4
gelain_2020_cellulose_20gl,cellulose,20,12,cellulase_activity,0,FPU/L,published_mean,,,gelain_2020/originals/cellulose/20gL.xlsx,Plan1,B4
gelain_2020_cellulose_20gl,cellulose,20,12,beta_glucosidase_activity,42.497123366483123,U/L,published_mean,,,gelain_2020/originals/cellulose/20gL.xlsx,Plan1,C4
gelain_2020_cellulose_20gl,cellulose,20,24,biomass,8.2199135295902863,g/L,published_mean,,,gelain_2020/originals/cellulose/20gL.xlsx,Plan1,E5
gelain_2020_cellulose_20gl,cellulose,20,24,substrate,8.0234003824594531,g/L,published_mean,,,gelain_2020/originals/cellulose/20gL.xlsx,Plan1,F5
gelain_2020_cellulose_20gl,cellulose,20,24,cellulase_activity,234.19396077173431,FPU/L,published_mean,,,gelain_2020/originals/cellulose/20gL.xlsx,Plan1,B5
gelain_2020_cellulose_20gl,cellulose,20,24,beta_glucosidase_activity,482.34979863565388,U/L,published_mean,,,gelain_2020/originals/cellulose/20gL.xlsx,Plan1,C5
gelain_2020_cellulose_20gl,cellulose,20,32,biomass,7.9517446773679517,g/L,published_mean,,,gelain_2020/originals/cellulose/20gL.xlsx,Plan1,E6
gelain_2020_cellulose_20gl,cellulose,20,32,substrate,4.423403826799742,g/L,published_mean,,,gelain_2020/originals/cellulose/20gL.xlsx,Plan1,F6
gelain_2020_cellulose_20gl,cellulose,20,32,cellulase_activity,429.82922878636907,FPU/L,published_mean,,,gelain_2020/originals/cellulose/20gL.xlsx,Plan1,B6
gelain_2020_cellulose_20gl,cellulose,20,32,beta_glucosidase_activity,1107.606640913948,U/L,published_mean,,,gelain_2020/originals/cellulose/20gL.xlsx,Plan1,C6
gelain_2020_cellulose_20gl,cellulose,20,48,biomass,4.1318391473933218,g/L,published_mean,,,gelain_2020/originals/cellulose/20gL.xlsx,Plan1,E7
gelain_2020_cellulose_20gl,cellulose,20,48,substrate,1.4393416615428438,g/L,published_mean,,,gelain_2020/originals/cellulose/20gL.xlsx,Plan1,F7
gelain_2020_cellulose_20gl,cellulose,20,48,cellulase_activity,790.3711177545282,FPU/L,published_mean,,,gelain_2020/originals/cellulose/20gL.xlsx,Plan1,B7
gelain_2020_cellulose_20gl,cellulose,20,48,beta_glucosidase_activity,1942.6522561025727,U/L,published_mean,,,gelain_2020/originals/cellulose/20gL.xlsx,Plan1,C7
gelain_2020_cellulose_20gl,cellulose,20,54,biomass,3.9027237089711342,g/L,published_mean,,,gelain_2020/originals/cellulose/20gL.xlsx,Plan1,E8
gelain_2020_cellulose_20gl,cellulose,20,54,substrate,0.91188363003073547,g/L,published_mean,,,gelain_2020/originals/cellulose/20gL.xlsx,Plan1,F8
gelain_2020_cellulose_20gl,cellulose,20,54,cellulase_activity,842.74124145199448,FPU/L,published_mean,,,gelain_2020/originals/cellulose/20gL.xlsx,Plan1,B8
gelain_2020_cellulose_20gl,cellulose,20,54,beta_glucosidase_activity,2014.6708309361393,U/L,published_mean,,,gelain_2020/originals/cellulose/20gL.xlsx,Plan1,C8
gelain_2020_cellulose_20gl,cellulose,20,72,biomass,3.024125516304073,g/L,published_mean,,,gelain_2020/originals/cellulose/20gL.xlsx,Plan1,E9
gelain_2020_cellulose_20gl,cellulose,20,72,substrate,0.45960424881688994,g/L,published_mean,,,gelain_2020/originals/cellulose/20gL.xlsx,Plan1,F9
gelain_2020_cellulose_20gl,cellulose,20,72,cellulase_activity,813.58835530599094,FPU/L,published_mean,,,gelain_2020/originals/cellulose/20gL.xlsx,Plan1,B9
gelain_2020_cellulose_20gl,cellulose,20,72,beta_glucosidase_activity,2150.7972384318241,U/L,published_mean,,,gelain_2020/originals/cellulose/20gL.xlsx,Plan1,C9
gelain_2020_cellulose_20gl,cellulose,20,96,biomass,2.2692409022337583,g/L,published_mean,,,gelain_2020/originals/cellulose/20gL.xlsx,Plan1,E10
gelain_2020_cellulose_20gl,cellulose,20,96,substrate,0.22848613359859138,g/L,published_mean,,,gelain_2020/originals/cellulose/20gL.xlsx,Plan1,F10
gelain_2020_cellulose_20gl,cellulose,20,96,cellulase_activity,769.95794847498178,FPU/L,published_mean,,,gelain_2020/originals/cellulose/20gL.xlsx,Plan1,B10
gelain_2020_cellulose_20gl,cellulose,20,96,beta_glucosidase_activity,2001.9314539327693,U/L,published_mean,,,gelain_2020/originals/cellulose/20gL.xlsx,Plan1,C10
gelain_2020_cellulose_30gl,cellulose,30,0,biomass,0.39906729572147881,g/L,source_initial_condition,,,gelain_2020/originals/cellulose/30gL.xlsx,Plan1,E2
gelain_2020_cellulose_30gl,cellulose,30,0,substrate,30,g/L,source_initial_condition,,,gelain_2020/originals/cellulose/30gL.xlsx,Plan1,F2
gelain_2020_cellulose_30gl,cellulose,30,0,cellulase_activity,0,FPU/L,source_initial_condition,,,gelain_2020/originals/cellulose/30gL.xlsx,Plan1,B2
gelain_2020_cellulose_30gl,cellulose,30,0,beta_glucosidase_activity,0,U/L,source_initial_condition,,,gelain_2020/originals/cellulose/30gL.xlsx,Plan1,C2
gelain_2020_cellulose_30gl,cellulose,30,8,biomass,3.3862595988517068,g/L,published_mean,,,gelain_2020/originals/cellulose/30gL.xlsx,Plan1,E3
gelain_2020_cellulose_30gl,cellulose,30,8,substrate,31.188432670702987,g/L,published_mean,,,gelain_2020/originals/cellulose/30gL.xlsx,Plan1,F3
gelain_2020_cellulose_30gl,cellulose,30,8,cellulase_activity,0,FPU/L,published_mean,,,gelain_2020/originals/cellulose/30gL.xlsx,Plan1,B3
gelain_2020_cellulose_30gl,cellulose,30,8,beta_glucosidase_activity,0,U/L,published_mean,,,gelain_2020/originals/cellulose/30gL.xlsx,Plan1,C3
gelain_2020_cellulose_30gl,cellulose,30,12,biomass,4.569515420878874,g/L,published_mean,,,gelain_2020/originals/cellulose/30gL.xlsx,Plan1,E4
gelain_2020_cellulose_30gl,cellulose,30,12,substrate,28.988940995685873,g/L,published_mean,,,gelain_2020/originals/cellulose/30gL.xlsx,Plan1,F4
gelain_2020_cellulose_30gl,cellulose,30,12,cellulase_activity,0,FPU/L,published_mean,,,gelain_2020/originals/cellulose/30gL.xlsx,Plan1,B4
gelain_2020_cellulose_30gl,cellulose,30,12,beta_glucosidase_activity,12.040766006410783,U/L,published_mean,,,gelain_2020/originals/cellulose/30gL.xlsx,Plan1,C4
gelain_2020_cellulose_30gl,cellulose,30,24,biomass,9.4062552518087603,g/L,published_mean,,,gelain_2020/originals/cellulose/30gL.xlsx,Plan1,E5
gelain_2020_cellulose_30gl,cellulose,30,24,substrate,15.733988095896388,g/L,published_mean,,,gelain_2020/originals/cellulose/30gL.xlsx,Plan1,F5
gelain_2020_cellulose_30gl,cellulose,30,24,cellulase_activity,152.57859384708274,FPU/L,published_mean,,,gelain_2020/originals/cellulose/30gL.xlsx,Plan1,B5
gelain_2020_cellulose_30gl,cellulose,30,24,beta_glucosidase_activity,395.94805621763794,U/L,published_mean,,,gelain_2020/originals/cellulose/30gL.xlsx,Plan1,C5
gelain_2020_cellulose_30gl,cellulose,30,32,biomass,9.3593892672614771,g/L,published_mean,,,gelain_2020/originals/cellulose/30gL.xlsx,Plan1,E6
gelain_2020_cellulose_30gl,cellulose,30,32,substrate,7.8721083382843924,g/L,published_mean,,,gelain_2020/originals/cellulose/30gL.xlsx,Plan1,F6
gelain_2020_cellulose_30gl,cellulose,30,32,cellulase_activity,343.48975314928009,FPU/L,published_mean,,,gelain_2020/originals/cellulose/30gL.xlsx,Plan1,B6
gelain_2020_cellulose_30gl,cellulose,30,32,beta_glucosidase_activity,713.50784910002471,U/L,published_mean,,,gelain_2020/originals/cellulose/30gL.xlsx,Plan1,C6
gelain_2020_cellulose_30gl,cellulose,30,48,biomass,5.4859340898797893,g/L,published_mean,,,gelain_2020/originals/cellulose/30gL.xlsx,Plan1,E7
gelain_2020_cellulose_30gl,cellulose,30,48,substrate,2.6667762802128019,g/L,published_mean,,,gelain_2020/originals/cellulose/30gL.xlsx,Plan1,F7
gelain_2020_cellulose_30gl,cellulose,30,48,cellulase_activity,665.0016027125024,FPU/L,published_mean,,,gelain_2020/originals/cellulose/30gL.xlsx,Plan1,B7
gelain_2020_cellulose_30gl,cellulose,30,48,beta_glucosidase_activity,1538.8448261691465,U/L,published_mean,,,gelain_2020/originals/cellulose/30gL.xlsx,Plan1,C7
gelain_2020_cellulose_30gl,cellulose,30,54,biomass,4.3916238674486436,g/L,published_mean,,,gelain_2020/originals/cellulose/30gL.xlsx,Plan1,E8
gelain_2020_cellulose_30gl,cellulose,30,54,substrate,1.6469777786999686,g/L,published_mean,,,gelain_2020/originals/cellulose/30gL.xlsx,Plan1,F8
gelain_2020_cellulose_30gl,cellulose,30,54,cellulase_activity,745.10702570963952,FPU/L,published_mean,,,gelain_2020/originals/cellulose/30gL.xlsx,Plan1,B8
gelain_2020_cellulose_30gl,cellulose,30,54,beta_glucosidase_activity,1976.4526999260297,U/L,published_mean,,,gelain_2020/originals/cellulose/30gL.xlsx,Plan1,C8
gelain_2020_cellulose_30gl,cellulose,30,72,biomass,3.6947691582538531,g/L,published_mean,,,gelain_2020/originals/cellulose/30gL.xlsx,Plan1,E9
gelain_2020_cellulose_30gl,cellulose,30,72,substrate,0.81265517930866404,g/L,published_mean,,,gelain_2020/originals/cellulose/30gL.xlsx,Plan1,F9
gelain_2020_cellulose_30gl,cellulose,30,72,cellulase_activity,796.37376866045474,FPU/L,published_mean,,,gelain_2020/originals/cellulose/30gL.xlsx,Plan1,B9
gelain_2020_cellulose_30gl,cellulose,30,72,beta_glucosidase_activity,1929.3991945426151,U/L,published_mean,,,gelain_2020/originals/cellulose/30gL.xlsx,Plan1,C9
gelain_2020_cellulose_30gl,cellulose,30,96,biomass,3.0835877888364163,g/L,published_mean,,,gelain_2020/originals/cellulose/30gL.xlsx,Plan1,E10
gelain_2020_cellulose_30gl,cellulose,30,96,substrate,0.41352825991980907,g/L,published_mean,,,gelain_2020/originals/cellulose/30gL.xlsx,Plan1,F10
gelain_2020_cellulose_30gl,cellulose,30,96,cellulase_activity,754.61279613952411,FPU/L,published_mean,,,gelain_2020/originals/cellulose/30gL.xlsx,Plan1,B10
gelain_2020_cellulose_30gl,cellulose,30,96,beta_glucosidase_activity,1966.6926933508673,U/L,published_mean,,,gelain_2020/originals/cellulose/30gL.xlsx,Plan1,C10
