initial_substrate_g_l,time_h,biomass_g_l,substrate_g_l,cellulase_fpu_l,beta_u_l,role
10,0,0.4,10,0,0,source_simulation_not_measurement
10,1,0.48777145814385336,9.9954116666810009,0.85534945846909682,0.48384836382146484,source_simulation_not_measurement
10,2,0.5933317995090801,9.98741700391367,3.2645362504990763,1.8491585908630475,source_simulation_not_measurement
10,3,0.71957763200861868,9.9747488865190963,7.0940910906145325,4.0258999686071162,source_simulation_not_measurement
10,4,0.86954519432565969,9.9556212530305466,12.31643560588347,7.0070256743176582,source_simulation_not_measurement
10,5,1.0462510036652686,9.9275947490548422,18.981289149217556,10.834042342443659,source_simulation_not_measurement
10,6,1.2524543135546822,9.8874433883293129,27.19391787967897,15.5875085420465,source_simulation_not_measurement
10,7,1.4903345784622271,9.8310529128700725,37.096909436559656,21.380875302977199,source_simulation_not_measurement
10,8,1.7610925425663635,9.7533970279576589,48.853077099228628,28.356653157042874,source_simulation_not_measurement
10,9,2.0645081731460331,9.6486493121319672,62.627966992650514,36.684306930928742,source_simulation_not_measurement
10,10,2.3985198461959425,9.510486738058658,78.571373697714861,46.559556839340395,source_simulation_not_measurement
10,11,2.7589183341455148,9.3326145436604389,96.798292777920054,58.20488820629717,source_simulation_not_measurement
10,12,3.1392614821814875,9.1094865925939175,117.37075250103933,71.871019661227564,source_simulation_not_measurement
10,13,3.5310949396778004,8.8371203064517072,140.28273261302644,87.838846537770678,source_simulation_not_measurement
10,14,3.9245038022187742,8.513839772014423,165.45059084692491,106.42099551674582,source_simulation_not_measurement
10,15,4.3089317324302101,8.1407627662821582,192.71086631579487,127.96166429879065,source_simulation_not_measurement
10,16,4.6741205725600903,7.7219001228601956,221.82606776690835,195.52285510459456,source_simulation_not_measurement
10,17,5.0109828594028603,7.2638450619090298,252.4974634079054,283.67828873583255,source_simulation_not_measurement
10,18,5.3122427734789595,6.7751471419833669,284.3825312493035,374.89010278433364,source_simulation_not_measurement
10,19,5.5727570543196698,6.2655368336130444,317.11407506970994,468.07139747274749,source_simulation_not_measurement
10,20,5.7895208709322397,5.7451678621768671,350.31820954651187,562.13562546565345,source_simulation_not_measurement
10,21,5.9614368432325096,5.2239902408977636,383.62926593609723,656.04015098222044,source_simulation_not_measurement
10,22,6.0889579687130402,4.7112940981682909,416.70077424923721,748.8170788864752,source_simulation_not_measurement
10,23,6.1737085751808323,4.2154061677108565,449.21266938362027,839.5921298583819,source_simulation_not_measurement
10,24,6.2181564001751877,3.7434925229093281,480.87553051550543,927.5942260670023,source_simulation_not_measurement
10,25,6.2253701616915436,3.3014213677487452,511.43294291343932,1012.1591653492934,source_simulation_not_measurement
10,26,6.1988623154037805,2.8936583257007129,540.66302101133863,1092.730513871194,source_simulation_not_measurement
10,27,6.1424921747310188,2.5231917658512297,568.37984183518245,1168.8599503587036,source_simulation_not_measurement
10,28,6.0603927361424592,2.1915066293728471,594.43510657581692,1240.2080588834115,source_simulation_not_measurement
10,29,5.9568860777061046,1.8986338349918745,618.71988112171084,1306.5452950362001,source_simulation_not_measurement
10,30,5.8363656219728188,1.6432947920184078,641.16588485417105,1367.751857759401,source_simulation_not_measurement
10,31,5.7031440387722059,1.4231395014574755,661.74562057726257,1423.8147741671439,source_simulation_not_measurement
10,32,5.5612851528543485,1.2350514726620729,680.47073681330039,1474.8207918179382,source_simulation_not_measurement
10,33,5.4144489573246517,1.075474979364814,697.38835688913605,1520.9445605488772,source_simulation_not_measurement
10,34,5.2657770561086563,0.9407176258398261,712.57556449944309,1562.4327156257998,source_simulation_not_measurement
10,35,5.1178341421557558,0.82719315952049199,726.13262833054057,1599.5854054922345,source_simulation_not_measurement
10,36,4.9726061219429649,0.73158869930944648,738.17575015808245,1632.7372367883945,source_simulation_not_measurement
10,37,4.831543654565734,0.65095854236335171,748.83010118750065,1662.2394872431889,source_simulation_not_measurement
10,38,4.6956343145280082,0.58275824054095371,758.22372805835494,1688.4449287901307,source_simulation_not_measurement
10,39,4.5654868766366983,0.52483686313570499,766.48265826460408,1711.695954737085,source_simulation_not_measurement
10,40,4.4414150058043198,0.47540427338217589,773.72729802545678,1732.3161197614079,source_simulation_not_measurement
10,41,4.3235124467816517,0.43298654023420402,780.07004080800118,1750.6047870034686,source_simulation_not_measurement
10,42,4.2117160320638414,0.39637837541270216,785.61390319605209,1766.8343509625868,source_simulation_not_measurement
10,43,4.1058558068962432,0.36459786355291884,790.4519657018792,1781.2494337806036,source_simulation_not_measurement
10,44,4.0056933078270358,0.33684611640117174,794.6673999393845,1794.0674834802949,source_simulation_not_measurement
10,45,3.9109498183794953,0.31247278031148218,798.33389136514688,1805.48028750497,source_simulation_not_measurement
10,46,3.8213266050402881,0.29094734523005611,801.51630417398292,1815.6560181733353,source_simulation_not_measurement
10,47,3.7365189885358445,0.27183571129182771,804.27147277490826,1824.7415268265058,source_simulation_not_measurement
10,48,3.6562258179844327,0.25478127787659621,806.64903773919241,1832.8646897115964,source_simulation_not_measurement
10,49,3.5801555990159621,0.23948979703021392,808.69227131606851,1840.1366773781283,source_simulation_not_measurement
10,50,3.5080302363212219,0.22571729389548337,810.4388584065855,1846.6540709912833,source_simulation_not_measurement
10,51,3.4395871077394791,0.21326045122238491,811.921613997843,1852.5007858444828,source_simulation_not_measurement
10,52,3.3745799942513388,0.20194895588236614,813.16912853912083,1857.7497874474427,source_simulation_not_measurement
10,53,3.3127792430722973,0.1916393992094208,814.20633965869831,1862.4646017455048,source_simulation_not_measurement
10,54,3.2539714314832646,0.18221040447564746,815.05503292039168,1866.700630754458,source_simulation_not_measurement
10,55,3.1979587189523535,0.1735587226570062,815.73427677070219,1870.5062901364151,source_simulation_not_measurement
10,56,3.1445580173591594,0.16559609268627434,816.26079802277252,1873.9239874853563,source_simulation_not_measurement
10,57,3.0936000679364835,0.1582467062937922,816.64930459917878,1876.9909604202314,source_simulation_not_measurement
10,58,3.0449284844093922,0.15144515217298976,816.91276212378273,1879.7399927625613,source_simulation_not_measurement
10,59,2.9983988013671241,0.14513474134282156,817.06263052894894,1882.2000256246872,source_simulation_not_measurement
10,60,2.9538775526678513,0.13926613674991828,817.10906627264069,1884.396678496943,source_simulation_not_measurement
10,61,2.911241394847798,0.13379622663653601,817.06109513333354,1886.3526936138039,source_simulation_not_measurement
10,62,2.8703762837892839,0.12868719402751322,816.92675992672173,1888.0883151303747,source_simulation_not_measurement
10,63,2.8311767083720585,0.12390574467795396,816.7132468999464,1889.6216130229632,source_simulation_not_measurement
10,64,2.7935449818317539,0.11942246361346792,816.42699402362382,1890.9687601745484,source_simulation_not_measurement
10,65,2.7573905896134416,0.1152112764839255,816.07378392609439,1892.1442698274714,source_simulation_not_measurement
10,66,2.7226295913088481,0.11124899672435301,815.65882379856862,1893.1611994772536,source_simulation_not_measurement
10,67,2.6891840735717496,0.10751494326920831,815.18681424109582,1894.0313263308294,source_simulation_not_measurement
10,68,2.6569816505550916,0.10399061652703157,814.66200871252465,1894.7652986437199,source_simulation_not_measurement
10,69,2.6259550082918324,0.10065942266702321,814.08826498708527,1895.3727665666383,source_simulation_not_measurement
10,70,2.5960414894700592,9.7506438132796844E-2,813.46908980001501,1895.8624955559278,source_simulation_not_measurement
10,71,2.5671827151764863,9.4518207785821845E-2,812.8076776791811,1896.2424649185054,source_simulation_not_measurement
10,72,2.5393242403629861,9.168257127266187E-2,812.10694480380459,1896.5199536565985,source_simulation_not_measurement
10,73,2.5124152400023592,8.8988513168632641E-2,811.36955860062835,1896.7016154382168,source_simulation_not_measurement
10,74,2.4864082231245299,8.6426033224616658E-2,810.59796367823276,1896.7935442353701,source_simulation_not_measurement
10,75,2.4612587721511776,8.3986033671440058E-2,809.79440460828744,1896.8013319344573,source_simulation_not_measurement
10,76,2.4369253051679376,8.1660221047138659E-2,808.96094598544539,1896.7301190243281,source_simulation_not_measurement
10,77,2.4133688589841431,7.9441020429936837E-2,808.09949013288985,1896.5846393008271,source_simulation_not_measurement
10,78,2.390552891027959,7.7321500302210508E-2,807.21179276618739,1896.3692593867663,source_simulation_not_measurement
10,79,2.368443098308374,7.5295306552636374E-2,806.29947688236712,1896.088013748747,source_simulation_not_measurement
10,80,2.3470072518444938,7.3356604356680108E-2,805.36404510260854,1895.7446357933372,source_simulation_not_measurement
10,81,2.3262150451170629,7.1500026868734509E-2,804.40689066438551,1895.3425855416974,source_simulation_not_measurement
10,82,2.306037955237751,6.972062981993403E-2,803.42930723140068,1894.8850743112769,source_simulation_not_measurement
10,83,2.2864491156592117,6.8013851249840412E-2,802.43249766632721,1894.3750867735384,source_simulation_not_measurement
10,84,2.2674231993641909,6.6375475712564538E-2,801.41758189157099,1893.8154007060446,source_simulation_not_measurement
10,85,2.2489363115759708,6.4801602392301039E-2,800.38560394641627,1893.2086047141988,source_simulation_not_measurement
10,86,2.230965891126147,6.3288616642816944E-2,799.33753833454398,1892.5571141612493,source_simulation_not_measurement
10,87,2.2134906197000577,6.1833164532688834E-2,798.27429574362725,1891.8631855138369,source_simulation_not_measurement
10,88,2.196490338256027,6.0432130035092235E-2,797.19672820818312,1891.1289292835477,source_simulation_not_measurement
10,89,2.1799459699827435,5.9082614549408746E-2,796.10563377782546,1890.3563217219255,source_simulation_not_measurement
10,90,2.1638394492203417,5.7781918483223269E-2,795.00176074528895,1889.5472154066151,source_simulation_not_measurement
10,91,2.1481536558257965,5.6527524658584856E-2,793.88581148188985,1888.7033488392588,source_simulation_not_measurement
10,92,2.1328723545126889,5.5317083336649912E-2,792.75844592229794,1887.8263551610498,source_simulation_not_measurement
10,93,2.1179801387398505,5.4148398680804476E-2,791.62028473547525,1886.9177700791049,source_simulation_not_measurement
10,94,2.1034623787633722,5.3019416500728014E-2,790.47191221428636,1885.9790390857668,source_simulation_not_measurement
10,95,2.0893051735023933,5.1928213139162301E-2,789.31387891249801,1885.0115240433493,source_simulation_not_measurement
10,96,2.0754953059014496,5.0872985379842604E-2,788.14670405458855,1884.016509198472,source_simulation_not_measurement
20,0,0.4,20,0,0,source_simulation_not_measurement
20,1,0.52029717666664688,19.993929401385934,3.0389502214913093E-2,0.16496434029727064,source_simulation_not_measurement
20,2,0.67391330163087781,19.982040276823327,0.11903719300053248,0.64634521944038736,source_simulation_not_measurement
20,3,0.8681839155632235,19.960999720957471,0.26621883890047232,1.4458391941159301,source_simulation_not_measurement
20,4,1.1108644633157856,19.925725650996238,0.47685287276287636,2.5902614940804964,source_simulation_not_measurement
20,5,1.4093783152129449,19.868795664686285,0.75982148504686742,4.127820221318566,source_simulation_not_measurement
20,6,1.7696415232339748,19.779938385995639,1.1275002684089661,6.1254714744422438,source_simulation_not_measurement
20,7,2.1944983918037657,19.64588496800172,1.5953981333061091,8.6668002042762673,source_simulation_not_measurement
20,8,2.681996227699007,19.450955468313982,2.1818661069468344,11.850172674908029,source_simulation_not_measurement
20,9,3.2239721716138967,19.178696178115548,2.9078852654401119,15.787181697690828,source_simulation_not_measurement
20,10,3.8055893055497907,18.814547371980417,3.7969761117705056,20.601578100578315,source_simulation_not_measurement
20,11,4.4063549871881298,18.348944632390374,4.8752736734850783,26.428891851032709,source_simulation_not_measurement
20,12,5.002683481884592,17.779764067098579,6.1717939967544959,33.416839691262894,source_simulation_not_measurement
20,13,5.5713932822069658,17.11306459046369,7.7189073580263052,41.726540273867116,source_simulation_not_measurement
20,14,6.0930624106189875,16.361794797085146,9.5530534278873205,51.534621877612771,source_simulation_not_measurement
20,15,6.5542365217720011,15.543078217765746,11.715773576730982,63.036447676901062,source_simulation_not_measurement
20,16,6.9480433527144667,14.67520966960328,14.255161598369495,76.450710852020208,source_simulation_not_measurement
20,17,7.2734249375178619,13.775326260993619,17.22782378598399,92.025443992162764,source_simulation_not_measurement
20,18,7.5335851850790947,12.858149517211697,20.70140036761283,110.0450869819654,source_simulation_not_measurement
20,19,7.7342705507200513,11.93568058416145,24.75765401425673,130.83777889734682,source_simulation_not_measurement
20,20,7.8822964651709322,11.017495644292525,29.496081939020272,154.78151603282041,source_simulation_not_measurement
20,21,7.9844890282081913,10.111296903540403,35.037928540090142,182.30715575603372,source_simulation_not_measurement
20,22,8.0470389355530134,9.2234890714974043,87.030442608819925,213.89529807742639,source_simulation_not_measurement
20,23,8.0751828975711817,8.359667413955755,139.64939063495868,250.06278566936948,source_simulation_not_measurement
20,24,8.0731116551944559,7.5249799171943872,190.66094086588777,366.22252679682538,source_simulation_not_measurement
20,25,8.0440205754335548,6.7243625545158201,239.89497457095194,499.7376586442042,source_simulation_not_measurement
20,26,7.9902455508891173,5.9626568767989347,287.20552688719062,627.19944132601609,source_simulation_not_measurement
20,27,7.913451316620038,5.2446168909206197,332.46261155282735,748.35665194235582,source_simulation_not_measurement
20,28,7.8148561959986438,4.574807448211434,375.54646577715471,862.99335184024358,source_simulation_not_measurement
20,29,7.6954847570728058,3.9573962078213905,416.34437414865897,970.91868780906452,source_simulation_not_measurement
20,30,7.5564371976802791,3.395850848183759,454.75028029754338,1071.9642086915981,source_simulation_not_measurement
20,31,7.3991523170662079,2.8925750267011749,490.66735217357984,1165.9887691789338,source_simulation_not_measurement
20,32,7.225624108799737,2.44854717911549,524.01341855494047,1252.8904974233662,source_simulation_not_measurement
20,33,7.0385201458309252,2.0630528970796225,554.72868062408963,1332.6240888065686,source_simulation_not_measurement
20,34,6.8411560518704206,1.7336042226376818,582.784401321931,1405.2200749238946,source_simulation_not_measurement
20,35,6.6373121519955545,1.4561020600430599,608.19065860447586,1470.8013795217801,source_simulation_not_measurement
20,36,6.430927862550476,1.2252266613014071,631.00110045921326,1529.5923156520369,source_simulation_not_measurement
20,37,6.2257523125853336,1.0349676968732515,651.31320873069717,1581.9167312026379,source_simulation_not_measurement
20,38,6.0250412332846039,0.87916863296483638,669.26373762225683,1628.1848808884918,source_simulation_not_measurement
20,39,5.8313645280584598,0.7519761373619146,685.02025358728633,1668.8715772779369,source_simulation_not_measurement
20,40,5.6465434261932028,0.64813703557859614,698.77053185463035,1704.4900001744154,source_simulation_not_measurement
20,41,5.4716958251142493,0.56314056877942298,710.7117151256773,1735.5657146431399,source_simulation_not_measurement
20,42,5.3073484235136474,0.49323920441931712,721.04073249502005,1762.6143288351429,source_simulation_not_measurement
20,43,5.1535744017910154,0.4353924832851212,729.94682376337073,1786.1245957454544,source_simulation_not_measurement
20,44,5.0101268747103269,0.38717310755440493,737.60640079328971,1806.5473007287983,source_simulation_not_measurement
20,45,4.8765520457832343,0.34666269843136588,744.18005176629049,1824.2893041359016,source_simulation_not_measurement
20,46,4.7522767656570322,0.3123531059423138,749.81127701042385,1839.7116466903915,source_simulation_not_measurement
20,47,4.6366716848666414,0.28306060674703049,754.62648842423437,1853.1305409561066,source_simulation_not_measurement
20,48,4.5290941248338772,0.25785503730219317,758.73584384772653,1864.8202036879277,source_simulation_not_measurement
20,49,4.4289154753852786,0.23600312200180223,762.2345697191198,1875.0167033299103,source_simulation_not_measurement
20,50,4.3355374783459251,0.21692406790252777,765.20451566527936,1883.9222252481809,source_simulation_not_measurement
20,51,4.2484008966334965,0.20015520239886128,767.71576544546451,1891.7093553337734,source_simulation_not_measurement
20,52,4.1669891785162712,0.18532556787267634,769.82819312786091,1898.5251372071452,source_simulation_not_measurement
20,53,4.0908289681325227,0.17213569372424153,771.5929009604306,1904.4947702008496,source_simulation_not_measurement
20,54,4.0194887271965332,0.16034210530154308,773.05350838135485,1909.724891400482,source_simulation_not_measurement
20,55,3.9525763061548358,0.1497454398427856,774.24728315974846,1914.3064336159205,source_simulation_not_measurement
20,56,3.8897360047536074,0.14018130014322017,775.20611882008586,1918.3170799296597,source_simulation_not_measurement
20,57,3.8306454594420991,0.13151318494781622,775.95736983749373,1921.8233506901227,source_simulation_not_measurement
20,58,3.7750125606707297,0.12362699679647494,776.52455955925973,1924.8823652115368,source_simulation_not_measurement
20,59,3.7225725157874354,0.11642675140142827,776.92797683701053,1927.5433213887518,source_simulation_not_measurement
20,60,3.6730851175697588,0.10983120570891872,777.18517693544572,1929.8487342509709,source_simulation_not_measurement
20,61,3.6263322437525471,0.10377119158935144,777.31140107990529,1931.8354706873522,source_simulation_not_measurement
20,62,3.5821155919313457,9.8187494279272397E-2,777.3199274422426,1933.535613142591,source_simulation_not_measurement
20,63,3.5402546420587293,9.3029153682486779E-2,777.22236470405016,1934.9771805799667,source_simulation_not_measurement
20,64,3.5005848321805928,8.8252095791460872E-2,777.02889772957701,1936.184730766033,source_simulation_not_measurement
20,65,3.4629559299745911,8.381802334060659E-2,776.7484934073351,1937.1798641049452,source_simulation_not_measurement
20,66,3.4272305816897579,7.9693511230853775E-2,776.3890734141163,1937.9816459004526,source_simulation_not_measurement
20,67,3.3932830203707227,7.5849264662897223E-2,775.95765952562851,1938.6069610499853,source_simulation_not_measurement
20,68,3.3609979162279742,7.2259507313669147E-2,775.46049613666821,1939.0708127461073,source_simulation_not_measurement
20,69,3.3302693533411007,6.8901474046742961E-2,774.90315384540349,1939.3865747288917,source_simulation_not_measurement
20,70,3.3009999183427721,6.5754988124036101E-2,774.29061728252941,1939.5662049465977,source_simulation_not_measurement
20,71,3.2730998882010871,6.2802107099105539E-2,773.62735980792002,1939.620427090387,source_simulation_not_measurement
20,72,3.2464865056250076,6.0026824830186787E-2,772.9174072371552,1939.5588853247566,source_simulation_not_measurement
20,73,3.2210833319242425,5.7414819583827159E-2,772.16439238191492,1939.3902765972693,source_simulation_not_measurement
20,74,3.1968196683446028,5.4953240179406677E-2,771.37160187774009,1939.1224641431115,source_simulation_not_measurement
20,75,3.1736300379686719,5.2630523680075494E-2,770.54201651811843,1938.7625751716191,source_simulation_not_measurement
20,76,3.1514537212230773,5.0436239363973762E-2,769.678346105218,1938.3170852077487,source_simulation_not_measurement
20,77,3.1302343388752711,4.8360954684746806E-2,768.78305965651361,1937.7918911405147,source_simulation_not_measurement
20,78,3.1099194771438672,4.6396119708420828E-2,767.85841166613352,1937.1923746853909,source_simulation_not_measurement
20,79,3.0904603501972838,4.4533967137556842E-2,766.90646500434548,1936.5234576844496,source_simulation_not_measurement
20,80,3.0718114958856204,4.2767425536213634E-2,765.92911094358089,1935.7896504351011,source_simulation_not_measurement
20,81,3.053930501049666,4.1090043776072366E-2,764.92808672101,1934.9950940463459,source_simulation_not_measurement
20,82,3.0367777531873634,3.9495925054850292E-2,763.90499098286739,1934.1435976629095,source_simulation_not_measurement
20,83,3.0203162156396455,3.7979669108250347E-2,762.86129740200965,1933.238671266329,source_simulation_not_measurement
20,84,3.0045112237912965,3.6536321458212062E-2,761.79836671554961,1932.2835546530637,source_simulation_not_measurement
20,85,2.9893303000744789,3.5161328722633917E-2,760.71745739222206,1931.2812430989522,source_simulation_not_measurement
20,86,2.9747429858181706,3.3850499162525673E-2,759.61973510806763,1930.234510143581,source_simulation_not_measurement
20,87,2.9607206882107122,3.2599967767675972E-2,758.50628118298971,1929.1459278647078,source_simulation_not_measurement
20,88,2.9472365408390409,3.1406165286133096E-2,757.37810010887199,1928.0178849596368,source_simulation_not_measurement
20,89,2.9342652764405646,3.0265790689898028E-2,756.23612628152171,1926.8526029056079,source_simulation_not_measurement
20,90,2.9217831106551029,2.9175786642276633E-2,755.08123003313551,1925.6521504334091,source_simulation_not_measurement
20,91,2.9097676356975732,2.8133317593800906E-2,753.9142230487987,1924.418456516373,source_simulation_not_measurement
20,92,2.8981977229894538,2.7135750185509008E-2,752.735863239325,1923.1533220496967,source_simulation_not_measurement
20,93,2.8870534338905443,2.6180635682298579E-2,751.5468591331994,1921.8584303718653,source_simulation_not_measurement
20,94,2.8763159377639163,2.5265694196367056E-2,750.34787384223614,1920.5353567601699,source_simulation_not_measurement
20,95,2.8659674366876962,2.4388800492516433E-2,749.13952864858186,1919.1855770153902,source_simulation_not_measurement
20,96,2.8559910961988191,2.3547971194223929E-2,747.92240625470356,1917.8104752361819,source_simulation_not_measurement
30,0,0.4,30,0,0,source_simulation_not_measurement
30,1,0.53552569026953067,29.993212161573631,1.4480715999336764E-2,8.0018132713926993E-2,source_simulation_not_measurement
30,2,0.71323657118705475,29.979222132933437,5.7361518235674674E-2,0.31706276541190842,source_simulation_not_measurement
30,3,0.94346732248286891,29.953242141257395,0.12985499751102025,0.71795936233866298,source_simulation_not_measurement
30,4,1.2371076668409813,29.907701071728024,0.23559392863311024,1.3028924070878416,source_simulation_not_measurement
30,5,1.6042151430919107,29.831251377183392,0.38032157700132418,2.1036884150055983,source_simulation_not_measurement
30,6,2.051843287672785,29.708034471356299,0.57160899119336617,3.1622329982897388,source_simulation_not_measurement
30,7,2.5812593940003685,29.517837867719674,0.81853214428351384,4.5286454014564086,source_simulation_not_measurement
30,8,3.1852067673577786,29.237894434318012,1.1312820664907544,6.2590563800585901,source_simulation_not_measurement
30,9,3.8463539870478525,28.846678547932267,1.5207262607147467,8.413087629827146,source_simulation_not_measurement
30,10,4.5381418578026853,28.328983610237636,1.9979743361974842,11.051328211097742,source_simulation_not_measurement
30,11,5.2284975124263111,27.680336383796877,2.5740140382790266,14.233182824692697,source_simulation_not_measurement
30,12,5.8855061804445974,26.908544422750662,3.2594811627022628,18.015453873603583,source_simulation_not_measurement
30,13,6.4830111753962374,26.03151345758317,4.064619926820626,22.451974573082502,source_simulation_not_measurement
30,14,7.0041563817613985,25.072521735733943,4.9994768514971382,27.594520993851731,source_simulation_not_measurement
30,15,7.4420565114534298,24.05523538420637,6.0743392721365392,33.495036866726899,source_simulation_not_measurement
30,16,7.7981401427610244,23.000246744067322,7.3003841724797338,40.208940042199643,source_simulation_not_measurement
30,17,8.0793943907448469,21.923630384402326,8.6904703235427494,47.799090636305152,source_simulation_not_measurement
30,18,8.2956265311653556,20.837032670035196,10.260007896614148,56.340000993763681,source_simulation_not_measurement
30,19,8.4573577683214598,19.748526596210258,12.027871400812458,65.922030553272108,source_simulation_not_measurement
30,20,8.5744941811845194,18.663638574969291,14.017364288773321,76.655519310039637,source_simulation_not_measurement
30,21,8.6556523991070211,17.58624109707803,16.257279651520204,88.674972043821185,source_simulation_not_measurement
30,22,8.707933639825578,16.51921907030993,18.783124943159585,102.14347337825538,source_simulation_not_measurement
30,23,8.7369578926154379,15.464926237377057,21.638591639878353,117.25749568548017,source_simulation_not_measurement
30,24,8.7470228260307383,14.425483667845819,24.87735693977876,134.25216962042083,source_simulation_not_measurement
30,25,8.7413037936329907,13.402972210258614,28.565305050081186,153.40691536833367,source_simulation_not_measurement
30,26,8.7220498800505251,12.399558662363544,32.783245853514856,175.05104913454619,source_simulation_not_measurement
30,27,8.6907557121110237,11.417582232951867,37.630176390087541,199.56852241062768,source_simulation_not_measurement
30,28,8.6483031472518235,10.459617186615937,43.227051078214359,227.40023485379663,source_simulation_not_measurement
30,29,8.5950746897098167,9.5285196487115797,53.253560465629448,259.04129527930513,source_simulation_not_measurement
30,30,8.5310444856277563,8.6274605847540897,109.60827388246652,295.02915834030108,source_simulation_not_measurement
30,31,8.4558549460478609,7.7599420143376179,163.7274245442336,352.96207527011836,source_simulation_not_measurement
30,32,8.3688885614157869,6.929788883498917,215.57855874732934,492.17252726999902,source_simulation_not_measurement
30,33,8.2693457463680744,6.1411044748799393,265.12175970148138,624.28138125882583,source_simulation_not_measurement
30,34,8.1563403625121111,5.3981732868092784,312.30828104652647,749.27766071305098,source_simulation_not_measurement
30,35,8.0290239006566324,4.7052935646684055,357.08015225154082,867.12778747068478,source_simulation_not_measurement
30,36,7.8867453129546847,4.0665251089958172,399.37112329959734,977.77823373196304,source_simulation_not_measurement
30,37,7.7292438814397766,3.4853506217024184,439.10941309469479,1081.1625378661079,source_simulation_not_measurement
30,38,7.5568560178861279,2.9642737521981641,476.22270163092361,1177.2135918123427,source_simulation_not_measurement
30,39,7.3706959713837037,2.5044121471726779,510.6455578665072,1265.8814753906634,source_simulation_not_measurement
30,40,7.1727538744794401,2.1051773455657523,542.32895083664812,1347.155794913979,source_simulation_not_measurement
30,41,6.9658562581486914,1.7641437764990144,571.25070760063329,1421.0896521169986,source_simulation_not_measurement
30,42,6.7534644264965884,1.4771765782212003,597.42502777900609,1487.8206941165904,source_simulation_not_measurement
30,43,6.5393391601311155,1.2388139281405104,620.90886717563274,1547.5841780011219,source_simulation_not_measurement
30,44,6.3271508331854402,1.0428163352474253,641.80348829365789,1600.7143310079357,source_simulation_not_measurement
30,45,6.1201326622465064,0.88274784304896814,660.25066979249414,1647.6332278412492,source_simulation_not_measurement
30,46,5.9208511901098353,0.75246533930151471,676.42446135014768,1688.829673303803,source_simulation_not_measurement
30,47,5.7311191244751765,0.64644689627286955,690.52034713254466,1724.8327274579174,source_simulation_not_measurement
30,48,5.5520297740536213,0.55995211984490079,702.74391600195463,1756.1848589770143,source_simulation_not_measurement
30,49,5.3840682601428709,0.48904890870674272,713.30072836286843,1783.4185814858745,source_simulation_not_measurement
30,50,5.227253620202986,0.43055506151456724,722.38835960624056,1807.0386686118666,source_simulation_not_measurement
30,51,5.0812782497713069,0.38193801853006154,730.19091611644524,1827.5104248644745,source_simulation_not_measurement
30,52,4.945626402514538,0.34120311133703141,736.87583871699587,1845.2533979177283,source_simulation_not_measurement
30,53,4.8196655884064699,0.30678785344625431,742.59255982427828,1860.6393908196906,source_simulation_not_measurement
30,54,4.7027120174876931,0.27747029483378238,747.47251256030245,1873.9935265224317,source_simulation_not_measurement
30,55,4.5940745287328646,0.25229361186620458,751.63003031130495,1885.5972523503592,source_simulation_not_measurement
30,56,4.4930822037770399,0.23050605243945821,755.16376364847986,1895.6924061340442,source_simulation_not_measurement
30,57,4.3991003622892482,0.21151408159667479,758.1583395173169,1904.4857105387762,source_simulation_not_measurement
30,58,4.3115386839345407,0.19484627855016934,760.68607517542125,1912.1532742620407,source_simulation_not_measurement
30,59,4.229854226396955,0.18012570878410133,762.80862901887917,1918.8448438238343,source_simulation_not_measurement
30,60,4.1535512849782235,0.16704884370826231,764.57852161985704,1924.6876686208941,source_simulation_not_measurement
30,61,4.0821794086169971,0.15536947778383448,766.04049557346173,1929.7899222965848,source_simulation_not_measurement
30,62,4.0153304326356816,0.14488643440273608,767.23270563003541,1934.2436744116778,source_simulation_not_measurement
30,63,3.9526350740090774,0.13543413556857928,768.18774443491634,1938.1274362479824,source_simulation_not_measurement
30,64,3.8937594237585778,0.12687533553053149,768.93351680295052,1941.5083200957465,source_simulation_not_measurement
30,65,3.838401532652747,0.11909549216880744,769.49397895182767,1944.4438576337755,source_simulation_not_measurement
30,66,3.78628819762144,0.11199838161700641,769.8897600453422,1946.983523608596,source_simulation_not_measurement
30,67,3.7371720006190063,0.10550266045299023,770.13868281713235,1949.1700084050954,source_simulation_not_measurement
30,68,3.6908286176726501,9.953915356259696E-2,770.25619866211969,1951.0402788764252,source_simulation_not_measurement
30,69,3.6470543958197008,9.4048700697041798E-2,770.25575084593254,1952.6264619674689,source_simulation_not_measurement
30,70,3.6056641844693758,8.8980435610197736E-2,770.14907766516774,1953.9565808186223,source_simulation_not_measurement
30,71,3.5664894020865878,8.4290402109764503E-2,769.9464656492039,1955.055168502075,source_simulation_not_measurement
30,72,3.5293763168342296,7.9940434098268898E-2,769.65696130754009,1955.9437804781073,source_simulation_not_measurement
30,73,3.4941845195502652,7.5897243723272917E-2,769.28854852838185,1956.641423317222,source_simulation_not_measurement
30,74,3.4607855683078359,7.2131674580495825E-2,768.84829752960843,1957.1649142082806,source_simulation_not_measurement
30,75,3.4290617852688587,6.8618086606926282E-2,768.34249024203245,1957.5291832243424,source_simulation_not_measurement
30,76,3.3989051882629369,6.5333846663646999E-2,767.77672614908613,1957.7475281933287,source_simulation_not_measurement
30,77,3.3702165413061609,6.2258904429212482E-2,767.15601189594747,1957.8318302626315,source_simulation_not_measurement
30,78,3.3429045100053827,5.9375437538762128E-2,766.48483739378878,1957.7927367998846,source_simulation_not_measurement
30,79,3.3168849094122277,5.6667553233355997E-2,765.76724066180418,1957.6398170856962,source_simulation_not_measurement
30,80,3.2920800333692646,5.4121036367224491E-2,765.00686325356651,1957.3816952836737,source_simulation_not_measurement
30,81,3.2684180557195637,5.1723135635877424E-2,764.20699778999915,1957.0261643803547,source_simulation_not_measurement
30,82,3.245832494932777,4.9462381468719521E-2,763.37062885601335,1956.5802841404907,source_simulation_not_measurement
30,83,3.2242617347444522,4.7328430276310035E-2,762.50046830092583,1956.0504655947054,source_simulation_not_measurement
30,84,3.2036485943221154,4.531193073051823E-2,761.59898580524577,1955.4425441447647,source_simulation_not_measurement
30,85,3.1839399422743773,4.3404408543153784E-2,760.66843543098867,1954.7618430184625,source_simulation_not_measurement
30,86,3.1650863495205774,4.1598166839142338E-2,759.710878753364,1954.0132285166803,source_simulation_not_measurement
30,87,3.1470417766502794,3.9886199727680254E-2,758.72820507362349,1953.2011582575467,source_simulation_not_measurement
30,88,3.1297632919352751,3.8262117085019171E-2,757.72214913208995,1952.3297234271145,source_simulation_not_measurement
30,89,3.1132108166216432,3.6720078895725108E-2,756.694306673715,1951.4026858847158,source_simulation_not_measurement
30,90,3.0973468945346463,3.5254737771092053E-2,755.6461481633346,1950.4235108378246,source_simulation_not_measurement
30,91,3.0821364833826803,3.3861188486117244E-2,754.57903090200534,1949.395395690708,source_simulation_not_measurement
30,92,3.0675467654549222,3.2534923559692161E-2,753.4942097577084,1948.3212955792362,source_simulation_not_measurement
30,93,3.053546975676714,3.1271794054029564E-2,752.39284669192114,1947.203946027588,source_simulation_not_measurement
30,94,3.0401082452222385,3.0067974894861415E-2,751.27601923695647,1946.0458830985062,source_simulation_not_measurement
30,95,3.02720345909017,2.8919934118405866E-2,750.14472805665162,1944.849461355019,source_simulation_not_measurement
30,96,3.0148071262285852,2.782440553835621E-2,748.99990370419857,1943.6168699063385,source_simulation_not_measurement
